1	0.0822825541325122	-0.0096464985236659	0.0211503918812733	0.0453844422295129	0.0189864667111792	0.0941241840451474	0.0396405089145317	-0.128583664021301	0.0119766965767334	0.061418974103998	0.0285888735629197	0.00720965132875076	-0.0225606629020275	-0.0541939576022091	0.0153540761162371	-0.0589175440241513	0.0305588518953867	-0.0565215005732891	0.0803530328022193	-0.00453789920559469	0.00438243061739731	-0.046815116779297	-0.0558833725750794	-0.114783239187134	0.0520128461069088	0.120171902772908	-0.0818796902412287	0.104827642360744	-0.0119599656261984	-0.0196622797181837	-0.0544008872760121	0.00968216200657201	0.0507182359427622	0.00562520936779059	0.0343142422282788	-0.0140068638588259	-0.0217654918383051	-0.00583816789314837	-0.0242730540545275	-0.0747881943228849	-0.0417074010847073	-0.0337332181742138	-0.0384057364170497	-0.0769699890998916	0.0761652882661854	0.080597232184903	-0.10249891836135	0.0273385305761181	-0.0790638683005955	-0.0608863205952702	-0.0632489457625775	0.0784167853635615	0.0226677462666144	-0.0224058654814822	0.0249977549734368	-0.0988002156228613	-0.0502314834665738	0.0213200611187028	0.00799127509112735	-0.117125398183577	-0.0494204793740284	-0.01095763762526	-0.0631342888189129	0.0617249527369055	0.00619411136960931	0.0741631691140473	0.082550164814968	0.121304054855304	-0.0550831931801715	-0.0298947623277833	0.0770469241992065	-0.0263552706932388	0.0561147924692412	-0.0211442663380799	-0.092049046843552	-0.046651854653364	0.0367227827060682	0.0891130540827814	-0.0158548690557327	0.00313136475820096	0.00656521265221359	0.0842731679822498	-0.0931706290764475	-0.00853687790563042	0.147686063050075	-0.0627330892610697	0.121260116121735	0.0252315462525136	-0.0185316982374987	-0.0804899744647397	-0.0671375812981347	0.0604768085109725	-0.093850368267009	-0.00843029260326999	0.00263180421060914	-0.029570597681323	0.0126431496509499	0.0279097531254071	-0.0715645431249787	0.0739446306210296	0.0276340226832682	-0.0051438812837609	0.00175159977197522	0.0408881205466046	0.0205758851259712	-0.0458827901639099	-0.0309889233720494	-0.030886112995967	0.105736467531462	-0.0254282069980311	-0.0178202726169177	0.189051472308964	0.0231056820965017	-0.0930641820712203	-0.0510962935638516	0.0201100817369168	-0.0740600503220058	-0.102483456365562	-0.0933478588696221	-0.0162807249323767	-0.0139711977312457	-0.0320722401566309	-0.052318367377605	-0.0605058921040509	0.0472371202010697	0.071213331738031	0.00717097958121868
0.0822825541325122	1	-0.0215116998791445	0.0592863157809292	0.00985615845488028	0.0834464796783931	-0.0360553331389074	-0.0764753457331662	-0.105799144145232	-0.0506085923092105	-0.0389090272215686	-0.0140529536612757	0.00807820618970961	0.0845124940224606	-0.017890675456952	-0.0670708350506855	-0.0877534335115858	-0.0279973445379438	-0.0346915020720415	-0.115372915438343	-0.0352104145677714	0.0666816034926957	-0.00765172656323685	0.0781724084180789	-0.0752070330773334	0.0343007156520553	0.0754314106553218	-0.0157811624840353	0.0317415535960747	0.0771563019395598	0.0239065119394185	0.0282568186574814	-0.17490355500322	0.0418822301284248	0.0249497230113396	-0.0468412058411602	0.0773165011001123	-0.0494257101267771	-0.0233214956650057	0.0795787575537537	0.0170544275717018	-0.11720508366368	0.108575257383162	0.0129437826418407	-0.152384290722503	-0.0781569410038061	0.142975618331429	-0.041448489477363	-0.0799944009339168	-0.127882878763974	0.0133044641073333	-0.0261723640506673	0.00979754044679004	-0.0061472681547703	-0.0383894459729245	-0.0506906740554366	0.0481936383574608	-0.101514964812727	0.0146981175754043	0.0224728931753416	-0.0416127585355139	0.011124040484128	0.0126499105341718	0.02506231448985	-0.0145954785878918	-0.0397942985300173	0.10114967284824	-0.00861600124377333	0.0449808618413189	0.0273771764734951	-0.0203907819262512	0.0356105612296435	0.0110402540856124	-0.13771124428905	0.0291034782705917	-0.134208988426379	-0.0137221279727676	0.0721378270824743	0.0520014191143095	-0.015536445802293	-0.0261410576042123	0.0208525090891424	0.060705437218065	-0.0268830198780965	-0.00380203861980906	0.125320269349109	0.0478850072635247	-0.0186991553791538	0.016462118825217	-0.134777823906849	-0.110550208229684	-0.00550354162027657	-0.0424185679776745	-0.0910222157435696	-0.0765678990994805	-0.0144783978660887	-0.012799733226806	-0.103250559039441	-0.0829418861862799	0.0225133159174834	0.0444139472892771	-0.0142189796607131	0.0121710423572098	0.0476903441566631	-0.0263064015629009	0.00699055418519579	0.0102348765611483	-0.0841848267943053	-0.134091478380168	0.134806228689307	-0.0974794953625898	-0.080072109179027	0.0701960511555781	0.0461663608982151	0.10919920220285	0.0353802669356307	0.0148690503795636	-0.115675020493701	-0.111212689486468	-0.000377677409461081	0.0271243050931586	0.0492689179274068	-0.10567925796336	-0.0820675672817189	0.0348368661799573	0.0517231914181012	-0.050277990398525	0.0494920771645585
-0.0096464985236659	-0.0215116998791445	1	-0.0933075440869319	-0.0278758392815615	-0.0117245335531701	-0.165541392842082	-0.0688628902811505	-0.00713254971128771	0.16428971573958	-0.015654722305823	0.0867252173109638	-0.0898817644092247	-0.00679768240354798	0.0600340230893319	-0.0485738559037321	-0.0115545555230231	-0.00640233891303642	0.143055511795772	-0.0556442421713713	-0.0666572631634308	-0.0823134546593835	0.0231367345815624	0.0459978308791682	-0.00983805209626115	0.00464634387879352	-0.0629466323183337	0.0617979436872105	0.145405793558815	0.00208733987708977	0.065278003249793	-0.0229072761069736	0.0321105059568318	0.000341638775835808	0.0970692475802087	0.06612443603273	-0.121642442143673	-0.013765570852497	0.202756948076361	0.0581243963426656	0.114301784004509	-0.058713522838946	-0.00016335616697482	0.0934837644918657	0.00603251468849066	-0.0305775252760464	-0.088596195965915	0.0285056875428445	0.064607225688461	0.0276120324397248	0.0230050103157531	-0.0246102147643124	-0.0581207741517585	-0.0813822378844562	0.0662899564734712	-0.121596011620229	0.000366546279595446	0.042083665078548	-0.0926113713019126	0.0329743668297382	0.108742124175614	-0.00322941602564066	-0.17803217696719	0.00396726186448758	-0.0843579052291977	-0.057496711557342	0.0661772335468426	-0.125363332971217	0.0909833520263387	-0.00635553542735761	-0.0190191129544306	0.0345321894124977	0.0610278175486092	-0.114674354759701	0.0339875262293038	0.00315115413302436	-0.0846659122572124	-0.0339459688511236	-0.0168814676851401	0.122110908113024	0.202028243627498	-0.0295538976930096	-0.102761098812653	0.107804622888391	0.00152904867901038	-0.0822904803462737	-0.0355706837508183	0.0508520307362087	0.0433556466913694	0.0378177224691625	-0.0720095773852442	0.140550093652605	0.0523412035371172	-0.0435088903453766	-0.0431907931037333	-0.0962909784056033	-0.0127788734942888	0.0361179621802511	0.158921079656594	-0.197490761587678	-0.217697517149786	-0.0892601210790886	0.0574546912025471	-0.0814036502366511	-0.163172957074497	-0.00586972040344083	0.102336876635017	-0.0460251702755854	0.181831037091646	-0.0581473691836859	-0.166078039322856	0.0449354964768651	-0.0268338498236755	-0.159898181758113	0.0785883774015035	0.0769448673129383	-0.0701879193402002	0.0200618904485684	-0.0880726055497337	0.0495538092672146	0.0353680130409383	-0.106461730391949	0.0711286598303148	0.078093368457165	-0.0201164057826554	-0.027857052982802	0.0200848174151063	-0.232472931569157
0.0211503918812733	0.0592863157809292	-0.0933075440869319	1	-0.0628269389678288	0.0351853871183262	0.0438487978169325	0.0571683032394801	-0.0888286848294128	-0.000528867620179551	-0.064190673448655	-0.00251252454989117	0.0842064503810269	-0.017967906075329	0.0142870219754545	-0.0510075217932335	-0.00868381448246754	0.0504356610317875	0.0141739115178749	0.0526271733222419	-0.0159921403562124	0.0329183817161065	-0.0468387117675062	0.0188568377987428	-0.019981862037104	-0.0253120332449763	0.0466932173057192	-0.0242844693696728	0.000110854622607672	0.0838670468970514	-0.0438385901214668	0.00880379100837353	-0.0834036586530274	-0.0149309133769221	-0.0840309691508811	-0.0904921984803342	-0.00857340364242218	-0.103892604772923	0.0261839462389293	-0.0604447394720669	-0.0980452028912487	-0.110328990931388	0.0833147734641221	-0.111080074500096	-0.0455922755258626	0.0713701665199272	0.200560479126838	-0.0506671180943939	-0.00474412237826936	0.00840095573922177	-0.0718765728057071	-0.00656507975861667	0.0816215969552268	-0.0252518406459573	-0.0029681430016812	0.057436684925806	0.057735228711758	-0.091250484375372	0.0223752811162259	0.0143474357295742	-0.0408892307731539	0.0115932591059457	0.185958067154154	0.0581781463572542	-0.0387787608274477	0.0176226014173664	-0.159073364942748	0.00961758490771713	0.0389057082027378	-0.0497771176554877	0.0176167702518617	0.028408796917127	0.0274338551733559	-0.0216551883004651	0.00105937959314615	-0.0627176854194179	-0.0545723660313862	-0.076071328690809	-0.0534282795206813	-0.023164726823243	-0.0544808173184105	-0.0341949994180572	0.0649561774136039	-0.0641302421455468	-0.0293170110604875	0.0332784799689864	0.0465900942383049	-0.0908616671673336	0.115110730910381	-0.112580237765098	0.0555921630732519	-0.0856087753655418	-0.0139446639546144	-0.0419123602196863	-0.160037278975797	0.0500809439087533	0.0631804924331034	0.0256926694778084	-0.0848871260507854	0.102973988260111	0.070012422850582	-0.0113640108310247	-0.0378089740773264	0.0479716642130537	-0.00869281158078149	-0.0811043678572729	-0.0995705427107195	-0.0123860298406653	-0.184932194172797	-0.0113865397371582	-0.0253782510248556	-0.0331500505495174	0.041603727101452	0.0193201802157857	0.131168867978902	-0.0368090311055362	0.00678338089531967	-0.0508090277909228	-0.0786727098209197	-0.0942920970218956	-0.00317088040325647	0.171470271388478	-0.11233478805983	0.0318898265644723	-0.0602482409539764	-0.0402611576928878	-0.0119982163541339	0.0707516694679886
0.0453844422295129	0.00985615845488028	-0.0278758392815615	-0.0628269389678288	1	0.040082541123456	-0.0893337117244396	-0.17086980846276	-0.0109483461107018	-0.148884782641205	0.0787585975438762	-0.0411199771558382	0.165888238943415	0.0512443613496725	-0.0580962102636645	0.00941060598384611	-0.0125509435578814	0.00940963478835672	0.0175393787566067	-0.0507053583072099	0.00118300885557887	0.0963023495797328	0.0284083572816147	0.166173561440148	-0.141319098265106	-0.0979217196343373	0.105782585714241	-0.0863948625784274	0.0817139274023506	-0.015694523760767	-0.0805142912039467	0.00984900716888557	-0.0240662797297101	-0.0171474980073378	0.0290962452648716	0.0489482235149828	0.0778577357951417	0.0508561665626835	-0.0182308303283672	0.0118902087655637	0.00417639527204028	0.0478812887497434	-0.0467715802971262	0.0364532258109696	-0.0484763892349452	-0.101619561860579	-0.0786364815394062	0.0709954182103848	-0.11939933791379	-0.149604241513706	0.0480935690623092	0.035246156943186	-0.0454687232316205	-0.019094639526348	-0.0244378119468906	-0.0773132583959485	-0.0172396131843895	0.0199654908567212	0.101733830261719	0.0686606992379438	0.00232135890065742	-0.106432472883868	-0.05857716815207	-0.127628540045217	-0.00335726962368581	-0.0741004555670718	0.0212148695237801	-0.0583439477056161	-0.0637533198631289	0.0384174581573483	-0.166593499183241	-0.1219351699357	-0.040604586141212	0.0185595601605256	0.0334400824634466	0.0338527926480699	-0.0358768654827954	0.0516678397238466	0.118608650742171	0.0242839047833203	-0.0753628072879734	0.0543311037602966	0.0394571570461012	-0.103276149034359	0.116743048119963	0.111191019308806	0.00993707523803183	0.0203529393156982	-0.0316053241886157	-0.0584140661481433	0.0998003992931491	-0.0114295588804061	0.0459624556278923	-0.0535316626790392	-0.0440348331365705	-0.042539260603053	0.0579849535351617	0.0285188211738255	-0.0516743204858494	-0.0863897120493777	0.252519698880705	0.00477094601793038	-0.0657529175439543	-0.144574496002866	-0.0185369256705058	-0.0931359467275308	0.0532376716995636	-0.0467218826220884	-0.0742090109478405	0.0150805850355481	0.0428568178544154	-0.0154971484955584	0.0121138205438569	-0.0755254634886761	0.0145396592808621	0.102220829154183	-0.0863817379453805	-0.228171584692354	-0.0302121078150167	0.143519173190515	0.0110501256536525	-0.015753058592843	0.0243309636218706	-0.115405453893439	-0.204260050450973	0.0283269808580997	-0.103302910987165	-0.135862279785772
0.0189864667111792	0.0834464796783931	-0.0117245335531701	0.0351853871183262	0.040082541123456	1	0.0597821924868775	0.0293218496317446	-0.0410622157314842	-0.0798153733047612	0.030006533657654	0.0693355758179663	0.12671503867194	0.0337829930868749	-0.00890548932605301	0.0259225061254526	-0.121542038299562	0.00634844833637516	-0.0785501428677675	-0.0780588749378125	-0.131199594807219	-0.0194333628685715	-0.0416357955478824	-0.0861195229417998	0.0141210893942381	-0.0878615740340019	-0.0194035239387584	-0.0137411132345182	-0.0223616856096425	0.023300725443544	0.015592884098761	-0.0494637760046311	-0.0876697094245841	-0.0184134908775184	-0.0336021978045064	0.0569361224845914	0.0568817565781579	-0.0452537855077618	-0.028668996168276	-0.0157179361662218	-0.130534836828061	0.0502153739488861	0.073305958977188	-0.0302150410135978	-0.0442712574947314	-0.0646766477015395	0.137368513191613	-0.0758692570130008	-0.0151606960011055	-0.0268633372978354	0.0123233818215451	0.0118488172239412	0.038120366138965	0.0018401306847818	0.00512842759905388	0.0270762779216919	0.0295657349931318	-0.170659180501591	0.0262143706596916	0.0503033040507532	-0.021526776008285	0.0439487984140311	-0.0230879015640582	0.00265443881936046	-0.00894329868522858	0.0231135538155307	-0.0886449103190794	0.0523941038650716	-0.0862850430313332	-0.0423752098738859	0.0307651747277227	-0.00518317431454987	0.0429176118495456	-0.0260836932530286	-0.000906527351406817	-0.0164192516786334	0.0404414813887286	-0.0453126451010339	0.0400623308276568	0.0720301451731725	-0.0506024167845132	0.0773297495611322	0.107787073703341	-0.0537696836534583	-0.0106313440077552	0.0639401898675908	0.00455991045943684	-0.0125638343323401	-0.0584150087613428	-0.0428698668704214	-0.0119512098141606	-0.0229374753979383	-0.107441934418223	-0.00229956083457422	-0.000201170527498817	0.0443077592581046	-0.0509855550598387	-0.0169197383098466	0.0189684125283718	0.0456627423487654	0.0205215604455779	0.0696582826009978	-0.0876900164584144	-0.000998079954216742	0.06883039621141	0.0128671940002935	-0.00705378146421642	-0.000373221655945729	-0.0510481658284931	0.0202931679725969	-0.0820331006750524	-0.0692709510281684	0.13857297706686	-0.0263835840551502	0.126996022825252	-0.037837861544273	0.000604972406180442	-0.0277133213023663	0.0222622818825437	-0.0663770660732474	-0.01761794537036	0.0916143870030456	-0.0713767107182498	-0.0303839158119902	0.0762698654742773	0.0308254619969616	-0.0149691535556843	-0.0219775644771101
0.0941241840451474	-0.0360553331389074	-0.165541392842082	0.0438487978169325	-0.0893337117244396	0.0597821924868775	1	0.127384185736298	-0.0718678619082869	0.0169969094565556	-0.0911811346001794	0.0542673955270352	-0.0335388733305508	-0.15081105992593	0.0241373274778376	-0.0239358100953865	0.00684274029999619	-0.0609266742789532	-0.162222803537807	0.0367799410318442	-0.0868441468453	-0.0788787112722877	0.0106888065735308	-0.188959366589801	0.0919139252995149	0.111359153954641	-0.0433368937419397	0.00428385214019493	-0.128261379770959	-0.0774822988123975	-0.0266204428775606	-0.0285515313228879	-0.136540735079188	0.0118432599064703	-0.103230462214114	0.101392799781157	-0.0558249632162642	-0.023323541937506	-0.0827446303206668	-0.0959017824092443	-0.0473731201301371	-0.0663204611738262	0.0804755149325604	-0.0587164724053646	0.0322737338140261	-0.0815796102644289	0.11646964109912	-0.124458378894978	0.059372293999202	0.152883401266494	0.0440618485751532	-0.0565943378377672	-0.0134433895262236	-0.0291312713123125	0.0652768432323875	0.0933701691623707	-0.0331579222984002	-0.0123848982481704	-0.121379377152879	-0.0609211015576675	0.0474819506043416	0.0205030268065789	0.0248733273533845	0.0726983683211957	0.0718416550708552	-0.0170278662994322	-0.078445552548062	0.128038496143374	-0.047419649461332	0.0424566892196323	0.00463788783993291	0.0330685756655476	-0.0175091863528399	0.104212287402058	0.041682681516613	-0.0419105675326753	0.0192329107906212	0.00823411573256142	0.0455663665703517	0.0141695705238922	-0.0389317622159409	-0.0364321814624156	0.118313335104371	-0.0523622536149712	0.0236072169942635	-0.0202425488319279	0.0577772070189021	0.0689507782816752	-0.119576975832874	-0.0100294374289612	0.0385894046857168	-0.132933347193255	-0.00889341210872733	0.025371712431664	0.0241632510981866	-0.00476080742776491	0.197578361854741	-0.0291689239979207	0.128206196267511	0.040324271142695	0.10334602501547	0.0408170761552948	-0.146771831718166	-0.016380592894756	0.158295197392696	-0.0239399843166558	-0.065297670677698	-0.0079609212339552	-0.0840726082913803	0.124729472209285	0.045927356908488	-0.0798727285522756	0.0377037987517865	0.111909604766502	0.039215695548245	-0.0292752418070874	0.0380270131959177	0.063505315653804	0.0655492451443766	-0.0930027971049312	-0.0647872351730104	0.0121012866151596	-0.0675511316994694	0.0768326063540758	-0.00730004629018528	0.00475263111172636	0.0877393634674266	0.0493881734592838
0.0396405089145317	-0.0764753457331662	-0.0688628902811505	0.0571683032394801	-0.17086980846276	0.0293218496317446	0.127384185736298	1	-0.008971348224312	0.0720161059539599	0.0378147472643787	0.0230200352674017	0.0422261681789566	-0.109058287986941	0.1174085557209	-0.0323289906266059	0.00823844745539894	0.0428057310357829	0.0414106387658472	0.0419616458065689	-0.0813224258508537	-0.0501497987299974	-0.110890105456691	-0.316521771355638	0.148908652732134	0.0629564440215724	-0.0640515773931824	0.0624160127825261	0.0290990098089141	-0.171205664831356	-0.107259834357335	-0.00405151778519927	0.056942963442396	0.0430930293301751	-0.0543792296818971	0.121206368918861	-0.00554900286948625	0.000952550398478642	0.0170725928510788	-0.0740445456670181	-0.0851544002478331	0.0468717112748903	-0.0637399683165807	-0.0253109560924793	0.0563297437521329	0.0678366185637116	-0.085183899124903	-0.156932495342598	0.0908532481632841	0.131449261500976	-0.0389467043831941	-0.0377060119917905	0.0451244037780854	-0.0470311418889779	0.036069795064788	0.15354468783367	-0.0606657736090042	0.0870091359107525	-0.0710503287636784	0.0105774887662036	0.105169458812902	0.106553625304845	0.0165343799418323	0.0206840461819586	0.113198403152728	0.0445298605237922	-0.0912504933766024	0.0543493631989094	-0.00179498752169789	-0.105267181270402	0.0789131737730096	-0.0382940730955788	0.0272263698706404	0.104051531715402	-0.00813942084498455	-0.0120566427865618	0.00134921844049856	0.0324904848853134	-0.188917784458384	-0.0628656491460023	0.0468675097852757	0.0293255914882545	0.13247212954005	-0.00814412127508642	0.029477363797252	-0.136923193842991	0.127399828793209	0.00133722039899585	-0.0818800786835181	0.108811598208044	-0.067666322684261	-0.0571669583023292	-0.0661598785554	-0.0195521635137408	0.0677106285383264	0.125584705501661	0.0204953814077486	0.00176702816254613	0.106623065455659	0.0914035649903816	-0.0959790632436425	-0.0372407665450303	0.0169833824995086	0.0718388742740674	-0.0132831400196056	0.170657759150636	-0.105322307546477	0.085735128035205	0.0326241295297349	0.0551169056132247	0.0352236007559389	0.0546093459275365	0.16062556233749	0.0469196831558471	-0.0428015358898549	-0.036946162959869	0.0468202544582595	0.161737503655084	0.0562968526248843	-0.189822524167953	0.0739901453300076	0.0579811131339115	0.0183827485651713	0.117226224310004	0.204334920225746	0.0992860147969492	-0.0139294020528831	0.146908126511684
-0.128583664021301	-0.105799144145232	-0.00713254971128771	-0.0888286848294128	-0.0109483461107018	-0.0410622157314842	-0.0718678619082869	-0.008971348224312	1	-0.0831781768345736	-0.0909439764426783	-0.0683561513302659	-0.0030296818786111	-0.048426636204185	0.0309955561586461	0.04173392061686	0.0055875234264188	-0.0281125204870214	0.00242896484057712	0.0606903427507178	0.000861407266501841	0.0137286454397778	0.0436268114793536	0.0333966810716806	0.0925465776734567	-0.105775898400396	-0.0935558545479416	0.0212204231872018	-0.0721506620445485	-0.11724419331175	-0.0359934628815236	0.0170007979638824	0.112802155937791	-0.0655572136437263	-0.103694625398806	0.0672458386458231	0.119229514277642	0.0349284587271797	-0.0486439793825339	0.00861356693599965	0.0776373758144091	0.0314194723111797	0.0068961138757068	0.015969480894177	-0.0494471428128065	-0.0955667162588552	-0.127989640035358	0.123897462168113	0.0182069001161499	0.00943139626429941	-0.0989465042449073	-0.0103532000950872	-0.0258633363979193	0.0245689781113991	0.0117763417203867	-0.00285470239477905	0.0234027358235357	-0.0670087795085565	0.078621466356619	-0.0485493377574732	-0.0708901827395527	0.0848704215317546	-0.0362535784499928	-0.124757389517461	0.0330499018766312	-0.0202943564251542	-0.0421456585729199	-0.0407113314519728	-0.115834920580953	0.0496663089288169	-0.0826591385938414	-0.0501532814474626	-0.00742260782770343	0.110006860974684	-0.017539185722709	0.0809770578097224	-0.0589590768895516	-0.0101573698203118	-0.108812094161924	0.0190839561482331	0.035207931219018	-0.0474363175798178	-0.0416443483037493	-0.0459344754126237	0.022257860523037	-0.12464184885301	0.0150349521426888	0.0171725800724491	-0.042025906137418	0.113485078658799	0.0934666392395319	0.0489440619929108	-0.0220968065860322	0.131216014428577	0.0272817030724003	-0.00673062117842982	0.0388839572956989	0.0576788253907598	-0.062294881376217	-0.0668754068131552	0.0108590973749459	-0.0705820155266279	0.0374040839750799	0.0287726409092664	-0.0561573002989683	-0.0353201877081164	0.0878530190889212	-0.0365063461790445	-0.033734481478596	-0.0963841211535045	0.0291960770729861	0.0922589945779998	-0.0754514571967943	-0.0249244639024792	-0.0456719454351408	0.00195237806253228	-0.00853919974035363	-0.0835647776918652	0.173316308177513	0.112978458304831	-0.06788704883374	0.0157543221244457	0.0395489488528352	0.0128843506452369	-0.0877747343478309	-0.05847923213095	-0.0238772157588278	0.0440610808980989
0.0119766965767334	-0.0506085923092105	0.16428971573958	-0.000528867620179551	-0.148884782641205	-0.0798153733047612	0.0169969094565556	0.0720161059539599	-0.0831781768345736	1	-0.104958344740107	-0.0395193929619832	-0.0849682778497101	-0.0621744395713205	-0.0118176174293017	-0.102555274024838	0.0413059809031896	0.00741169505274745	-0.00492063165025618	-0.0929932140732538	0.0210750905045766	-0.0740255409338051	-0.0317024492710484	-0.145612579097961	-0.0462534411208754	0.07817261392075	0.0686818913301585	0.0513497540811047	0.03533072129525	-0.0850341358084051	0.0239074788954446	0.0169851680769721	-0.0632245991255507	0.0487552357430601	0.015977013474947	0.152680443561218	-0.137093218929571	0.0733767402142359	0.13593728796711	-0.0209258443872219	0.0151185444379294	0.0481685558842364	0.0393977585725112	0.110546231969837	0.0534553716602813	0.120745353742877	-0.162173921769527	-0.149786868947013	0.0541011286607608	0.0274877599677812	-0.00620132489001972	-0.0353393898239497	0.10958115153678	-0.0054501925049348	-0.0165762002751321	0.00112371740266134	0.000243482796080538	-0.0113378339555252	-0.176487946914498	-0.0302618297245302	0.137314189498841	0.0079694255218254	-0.0470914864927179	0.0606622799871989	-0.0158830456958359	-0.0947978892855033	-0.0183317623615672	0.0743308249827128	0.0624357618723976	-0.0841629599972707	0.104361375513382	0.113884910016088	0.139239190823233	-0.0534164586155758	0.022271430462719	-0.0337781784708321	-0.0665032327533726	-0.0613876320059203	-0.140786041055666	-0.0551228963643581	0.115261874993394	-0.0367237839843527	-0.0884108020798199	0.11774275442113	0.0115274907285105	-0.15067427114795	-0.0418385256576714	0.0482989668530399	-0.0747165836214654	-0.0225553440573438	-0.00979612701484346	-0.0282661292664729	-0.122561392582657	-0.0212354800395088	-0.0558249413019903	-0.154868226620353	0.129568097875391	-0.0128974968982498	0.0492904585093031	-0.0313836290701968	-0.121512814477153	-0.0403937659164748	-0.0126080419782757	0.00207033960156214	-0.0487471850231304	0.0498095120491378	-0.0495483122850388	0.0495660724153882	0.113575644271506	0.0938658250927954	-0.0630883583184624	-0.195389539279425	0.0882194673938897	0.000613439574970235	-0.00749431335518202	-0.0330494601755049	-0.0215140063289766	0.155299751617531	-0.03512149565513	-0.204303582049809	0.0990765602866175	-0.0114251738273267	0.00106963620791882	0.0785288277089633	0.0603589366360147	-0.0369716535269786	0.143651777381594	0.00095011987782664
0.061418974103998	-0.0389090272215686	-0.015654722305823	-0.064190673448655	0.0787585975438762	0.030006533657654	-0.0911811346001794	0.0378147472643787	-0.0909439764426783	-0.104958344740107	1	0.0038102725794797	0.0711183914177108	0.0732616165753799	0.00806257429604284	0.118347717608124	-0.0451288244458638	0.00256899391755314	0.0637327362647818	0.0785103677623052	0.00663275820562563	-0.0418471742205406	-0.00137722336286382	0.0585132193990452	-0.0740920663950514	0.00564703074728882	0.0391745529939952	-0.00608742543630023	-0.0591859940254505	-0.00883700005283817	-0.0708778315379388	-0.0228888688476443	0.0553524085234794	0.0232881283156462	0.032219320229117	0.0211007816611514	0.00239840050934135	0.00732175511805279	-0.00107132571002558	0.166459491231717	-0.0826874629047911	0.093137497150344	-0.0947913078143163	0.0282194975733691	-0.0912195322528214	0.0236819205896044	-0.0350781569505903	0.0153284914414412	0.0743903646311078	-0.0124201353692099	-0.0852853198468913	0.0362023945423294	0.0239126259385003	0.0423657119842365	-0.0217848859702535	-0.0647290828437776	-0.0168624728417635	0.0183549928025639	0.0877045725413178	-0.0747965283089	-0.0436074832224304	0.0397742625737873	-0.0581350340603727	-0.00384671663138403	-0.0618626643121876	0.0110199903253277	0.0836776270302274	0.0266721836089191	0.0197655189342894	0.0674856967670187	0.0113848148524458	0.0171295552219421	0.0582260481203546	0.0327598394483402	-0.0184270369581394	0.093476684481528	0.0374969474978797	0.0171178108483066	0.0607357604400235	0.0029330793797522	-0.0682468373463521	0.0526977503022116	-0.0320896927483909	-0.0689149696216591	0.073527138771794	0.136045981401916	-0.0821300088417915	0.076123343207088	-0.00659197444970185	0.0269363877636556	-0.110219014924523	0.0688009748004553	0.0233242046557954	0.00442987564031216	0.00767763606643238	0.0252895556845187	-0.13528424941018	0.00986789910954534	0.0539407292397737	-0.0335075337588502	-0.00555506189749007	-0.0932682829850458	0.0799175954824652	-0.013509617507778	-0.0561793862865639	1.10078118760153e-05	-0.0524727685238074	-0.0134158383455264	0.0362041236563618	-0.0739795860068539	-0.00349872820605371	-0.00158356680694859	0.0761748592966779	-0.0690545193562727	-0.033016554228967	0.0383838586582331	0.0243506177954242	-0.107656971096532	-0.0772397158386741	0.077362949348441	-0.0474619388470967	0.0231779740280374	0.0659189100889996	-0.0964163990565843	-0.0792695592905787	0.0111958133481745	-0.0592689915739105	-0.0558173458010884
0.0285888735629197	-0.0140529536612757	0.0867252173109638	-0.00251252454989117	-0.0411199771558382	0.0693355758179663	0.0542673955270352	0.0230200352674017	-0.0683561513302659	-0.0395193929619832	0.0038102725794797	1	-0.0129723735789708	0.0841225794906261	0.0874986797936954	0.0529857164311994	0.0455312126962505	0.106342256406993	0.0527712140050782	0.0220941376500546	-0.0292584007388364	-0.048680055417085	-0.0157863330151518	-0.0644654004496536	0.0170067334328656	0.0413430210221375	-0.016655839202381	0.0512748094989369	-0.0399923521935526	0.0852938232176775	0.0531504687834101	0.00132912308058465	0.00150694823458077	-0.0272960659423678	-0.0525664014670221	0.00333725751935628	-0.0191916556009738	0.00763463276157035	-0.00498562065756102	0.00680548300801239	0.101043779779887	-0.0343500377079279	-0.0491671171867884	-0.000783155062557898	0.103986276589682	0.0438052491362773	0.059451769952523	-0.049261399001109	0.0608208803410773	0.0678173422629658	-0.0758997151156327	-0.065472426555326	-0.0717325126352598	-0.104788633924879	0.0215673327208036	-0.0126157384138429	-0.0678632129880233	-0.00211254662676552	-0.0406574058518842	0.000929061748742352	-0.0255704457332575	0.0156554589480421	-0.0251711235376815	0.0617091331514983	0.0848402428452817	-0.0339033998395868	0.0583215894577748	0.0209918195523495	-0.0396154133694627	0.0309712819206327	0.0295494022125356	0.0385005732801455	0.0258441225507666	0.00772822383938288	0.0659673420333968	-0.0257486228697162	-0.0041297570774076	-0.0191398800431401	-0.0338787888466774	0.104856626968093	0.0952405658352126	0.0316504781351746	0.00969474450244871	0.0435844175521609	0.10278462422432	-0.0512954844640966	-0.0793436443204649	-0.0436001162121344	-0.0269189589586402	0.0919774432836162	-0.0374973850690115	-0.00662891830236639	-0.0436267592489713	-0.0388771894384187	0.0255364436035123	-0.0436467954531941	0.0299374971990016	-0.0083300071819121	0.0806765139405896	-0.0510870238213543	-0.0456550142324513	-0.0739414219547404	-0.00942580138108168	0.00329124826322793	0.0107961922094374	0.0240167529911689	-0.0474715116991567	0.044734939719246	0.0957933933814803	-0.00338045500910757	-0.0777235362980113	-0.023723905673972	0.00150340191884657	-0.0193347329955174	-0.0907654038673319	-0.0147603249915321	-0.0256749482514525	-0.00875856105455355	0.0150940145202966	-0.0246351258754756	-0.0358987079235737	0.0197956320449136	0.036768638014941	0.0356798422198512	0.122112109691867	0.0505234759397641	0.00352705640102334	-0.0200903904539397
0.00720965132875076	0.00807820618970961	-0.0898817644092247	0.0842064503810269	0.165888238943415	0.12671503867194	-0.0335388733305508	0.0422261681789566	-0.0030296818786111	-0.0849682778497101	0.0711183914177108	-0.0129723735789708	1	0.0170593172592342	0.0688737567514036	-0.0495040085328093	-0.0281223203977621	-0.0316463504974072	-0.14988224591945	-0.0907280498948892	-0.0688854720204304	0.0581115720970999	0.00639700714393261	-0.000679486104337466	0.00251129282021134	0.002057438269802	0.0225352427973928	-0.0503475677089078	0.0411880871113895	-0.0208504564004584	-0.0107724396044809	0.00465951834867623	-0.043731965372135	-0.00964205295392659	0.00798421138574165	-0.150498452671114	0.0784035285332312	0.0493047943483043	-0.0795982240996713	-0.120132227258755	-0.139952353180957	0.0162343678966602	-0.0872686978438332	-0.0312755352987659	-0.072159331112622	0.0051159597672838	0.0759808219256713	0.114818578096078	0.00331964621109429	0.00455534107621586	-0.0150332159813846	0.0964594519631888	0.106607917007297	0.0574374155984732	-0.0169937992804726	-0.0354503917829499	-0.0332638274045715	-0.0734640813129832	0.0772634211127157	-0.0483319005971161	-0.0641490492730822	-0.00670225573512297	0.0454392217084881	-0.0144705544614468	0.0608327771716652	0.0259027800186349	-0.0793900597219054	-0.00744329474130335	-0.0579546846467491	0.00811130278524631	-0.0804712518978423	0.00740925965972091	-0.0144276222823238	0.0187246752331566	-0.0040556106287579	-0.0478357330429114	0.0875002117037054	0.0257986565595237	-0.0135588900582288	-0.0321177487290625	-0.0106937321957942	0.0294448913386014	0.0622698478984653	-0.0647743797392895	0.014505160092397	0.10705929174984	0.0211381409203229	0.00134126017410561	0.0413799905419433	-0.040516142916224	0.0710871817515626	-0.0230354677187796	0.00187949918902733	0.0385915310266498	-0.0151063737843684	0.0607964182594537	-0.0147702144694958	-0.00259208047129571	-0.0749083323559478	-0.0107938003013479	0.0407153090278541	-0.0182377945143034	-0.0639104735859334	0.09511070544177	0.0149599749768579	-0.0225382082547467	-0.0566585035027017	0.0245568645179302	-0.0103522987417147	0.0270950820160398	0.0420788284958157	-0.081909833883104	0.000927806787522323	0.0666242595302958	-0.0556039077486854	-0.0708237882320398	0.00474013917817497	-0.131066317658052	0.0101357380476404	0.0039427757064724	0.0313326396653674	0.0502248293649134	0.0268990157179225	-0.0393497104126277	-0.00230588539545908	-0.00139902836782137	-0.0134218921570448	0.0390371268876354
-0.0225606629020275	0.0845124940224606	-0.00679768240354798	-0.017967906075329	0.0512443613496725	0.0337829930868749	-0.15081105992593	-0.109058287986941	-0.048426636204185	-0.0621744395713205	0.0732616165753799	0.0841225794906261	0.0170593172592342	1	-0.049495382194439	0.00696332033287064	-0.00309097548554275	-0.0170262872085496	0.0390855928777939	0.0892787619700583	-0.0155068633989928	0.0343325135289076	0.00282873013644173	-0.0135281668521149	-0.160031504642297	-0.0334121652402478	0.092849202087328	-0.0704068949714066	-0.0305996135227786	0.0154424496092572	0.064594128643908	-0.0612841138760575	0.0421215841029723	0.0405526478947287	0.0508828283265732	-0.00615059234309087	0.0896612808896643	0.0381442086212034	0.0273014856217099	-0.000702528954185029	0.0287629071728859	0.0366806243434809	0.0228558755389409	0.00671997283006063	0.0197870395098305	-0.0468279501405224	-0.0216593345805282	0.108196126212661	0.0621015183775258	-0.0481770873179002	-0.0437016575400513	-0.00976445992298833	-0.0650519153345824	-0.0151985022327851	0.0587142594596506	-0.0159720500797737	-0.0680350128293603	0.0487025337971026	0.0540604491480856	0.0126607152163505	0.0726230373131461	0.0162402494874011	-0.00170426500477669	0.0423412567943101	-0.0626624696010986	0.0413988523587027	0.0534203757632242	-0.0274645393919792	0.081318805493478	-0.0084043069203138	0.0216286903726725	-0.0728449641257693	-0.171142774952284	0.00193849565677533	0.0220622495731258	-0.0694997678162867	-0.0100309847486736	0.0572606397607164	-0.0223058720656704	0.0750508804399615	-0.0363422061569822	0.0841339697800069	0.00125750322689344	0.00565291019748928	-0.0650830302099474	-0.0466811656743344	-0.137779945815848	-0.00728281791637009	0.0597836474060789	-0.0342816605029995	0.00840601229279324	0.014220804049884	-0.022091048484758	-0.0294136392004853	-0.0511367258593593	-0.0858648453541352	-0.0783738630671534	0.0183040728027835	0.00995861420465547	0.0219467532665651	0.0042497727749262	-0.040636972407699	-0.00613441433362038	0.113391216414918	-0.029026148321546	-0.0101919794377615	0.0274893962832596	0.014303524965437	-0.0255042888721955	-0.114495201717404	-0.0110029474711218	0.0550853408870782	-0.00271594617120476	0.0107087937288666	-0.091492229254918	-0.1542825795418	0.00535695482402827	-0.0970341118837441	0.100333530415831	-0.0187903016615153	0.0495544692032578	0.0264899769010061	-0.0110390830711372	0.0592142639009928	0.0676101400786255	0.0421785476585068	-0.11099884429307	-0.00507907156154457
-0.0541939576022091	-0.017890675456952	0.0600340230893319	0.0142870219754545	-0.0580962102636645	-0.00890548932605301	0.0241373274778376	0.1174085557209	0.0309955561586461	-0.0118176174293017	0.00806257429604284	0.0874986797936954	0.0688737567514036	-0.049495382194439	1	0.0348878091085821	0.00118592382651415	0.0202576078550462	-0.0464445919420411	0.0521404176899604	0.0251567110782205	-0.0084956236356803	-0.0245730434568765	-0.199499643454796	-0.0215700673703073	-0.0038543557022525	0.0233258439983315	0.0490242813032701	0.0596330311044789	-0.00695142870208078	-0.0215981508163064	0.0701729301334309	-0.00492809570310972	-0.0715279378577549	0.0221481551869674	0.0663005505041569	-0.0489830889156807	-0.00731378500127165	0.0938870187238535	-0.0670026138474386	-0.0184456247352168	-0.0278398090640331	0.0352734858352664	0.0845540150348399	0.0175109473807849	0.0408748743691436	0.0389956206980444	-0.0360014963569095	-0.0223357260060712	0.129841599333051	0.0214620966946046	0.0684357902295975	-0.0267716944612985	-0.0310809204708209	-0.0167896510891375	-0.0194055076889685	0.0333563364171473	-0.0269694536539517	-0.0652216578625931	-0.0301157913996157	0.0239056986560141	-0.0746238900397328	-0.0325631851862293	0.0522883307279599	0.0646738297403762	-0.00796287143082457	-0.0362247012194213	0.0378893040611359	-0.0525203477693574	0.00758821487726182	0.00248948043634664	0.0119720403687534	-0.101443458723919	0.011567189721943	-0.00996228557661375	-0.0342205408055446	0.0886609031976872	-0.010576405359435	-0.166969227809272	0.0154865158987257	-0.0208045788557908	-0.0568887495386607	-0.0234456930166125	-0.0182958458468514	0.0512634927584704	-0.126018069910652	0.0810158926749857	-0.0172764872248004	0.00247387761965792	-0.00971276559788498	0.0518692147235383	0.0525438791986412	-0.041289911489662	-0.0291092290292421	0.126458955969732	0.0323996447325488	0.0369744845653448	-0.0675064299436351	0.137785923041752	-0.0159184053564414	-0.00302920919093932	0.129586443431917	-0.0942344606745565	0.121101688830258	0.0157239382910802	0.00566085695626004	-0.0270463461338723	0.0464965639014339	0.0851249729348947	0.0131279428412249	0.0193798932461794	0.0711981051777048	-0.0140216435381981	0.0172632498759904	-0.024189986047176	0.0450462483863157	-0.0871375066608751	0.0945082437195986	-0.03284901111802	-0.0440310548973903	0.0978257322466957	0.0453842293014883	0.0393455141832323	0.0445809729712227	0.142146794238149	0.0422402639772423	0.057623489731188	-0.00886323182584359
0.0153540761162371	-0.0670708350506855	-0.0485738559037321	-0.0510075217932335	0.00941060598384611	0.0259225061254526	-0.0239358100953865	-0.0323289906266059	0.04173392061686	-0.102555274024838	0.118347717608124	0.0529857164311994	-0.0495040085328093	0.00696332033287064	0.0348878091085821	1	0.0589139698561864	0.0838852431346538	0.102309275561879	0.0252348669070221	0.03163939837732	0.0364871093963672	-0.0549031681048881	0.019705928927735	0.0725870080521044	-0.0439575735755252	0.0156887401107689	0.023742278411109	-0.00196303108890204	0.0887191902300433	0.0164918799354793	-0.0209020867774998	0.0836001732690093	-0.0694612078649373	0.0436764724886559	-0.028750034286123	0.0185074700468	-0.00934027259247754	-0.0316964640965462	0.0961390107815322	0.0354118442012913	0.0290414373187847	-0.00425286609189527	0.0584911908625255	0.0323791974500417	-0.011440658704534	0.0801474235429966	-0.0884503790162081	0.00559229484194137	-0.0244389370633888	0.000384787921075826	0.0118832849371738	-0.0224959474429698	-0.00471577928044468	-0.0168094388289227	-0.0107584895199901	-0.000794054600827147	-0.018121934249013	0.0571864237404837	0.165487475074578	-0.104772378491071	0.00190594417974391	-0.104289448586232	-0.0215678792423529	0.0305553829212806	0.0273908526120909	-0.0112840335992873	-0.04147223914308	-0.09704227638936	0.0543366073088948	-0.0248948622227055	-0.0329703658895907	-0.0118480790175242	-0.0321361459709502	0.048597597635358	-0.0232794789182557	0.00275912738463174	-0.033578394375925	0.0190832444008711	-0.0250095256452766	0.0931136837102508	0.113918524599818	-0.0490472213631621	-0.00216134662315266	0.0723021898793717	-0.0398447238909416	-0.0922050853056541	0.0334773386877921	0.0537551639945562	0.0569710733100889	-0.0797664767599785	0.0716568569153062	0.00914255468954834	-0.000937375044308278	0.00954860122947461	-0.00679033886299191	-0.0382877113919253	-0.0693780900786307	0.0654982000394386	-0.00471340598979858	-0.0680510801598046	0.0327313661978688	0.0609461782611656	0.0894584518541699	-0.0730806257783914	-0.0375006976018926	-0.00376759055852288	-0.00220050159067587	0.01480331303149	-0.0957339942209491	0.0540993783768688	0.0294729953193595	-0.114029564062734	-0.0359359470284779	-0.0300641906766505	0.0246907606381998	-0.0126212727426206	-0.0922322305816158	0.0558327284920782	-0.0474725405315063	-0.0031539628473869	0.0555073990475758	0.0115708957367966	-0.0559076999398407	-0.023976314613284	0.01714877557046	-0.0516628982626876	-0.0472557482531073
-0.0589175440241513	-0.0877534335115858	-0.0115545555230231	-0.00868381448246754	-0.0125509435578814	-0.121542038299562	0.00684274029999619	0.00823844745539894	0.0055875234264188	0.0413059809031896	-0.0451288244458638	0.0455312126962505	-0.0281223203977621	-0.00309097548554275	0.00118592382651415	0.0589139698561864	1	0.0395676126173871	0.0519879165644493	-0.0391013927887128	0.0692190595237202	-0.0126468772470351	-0.0687775750279029	0.0290136201395226	0.0470971596400974	0.0219342266414819	-0.0315014097116086	-0.0806976915407563	-0.0671986051102006	0.0384142081553724	0.0325587044309278	0.0811608018359018	0.0692953833505465	-0.0565600602611793	-0.0123584016316378	-0.0151118304617914	-0.0315284761173272	0.00394954439623283	-0.0232514532092104	-0.0375924094930394	0.0868078941787544	0.043940871623293	-0.093846437185765	-0.050801476886336	0.143370395485075	0.101730673993268	-0.0680905872108679	0.0265842834442906	0.0348381448364274	0.0424539751370926	-0.0753053902667236	0.0512453103539877	-0.118739221733259	-0.0856603276787839	-0.0649209373192143	0.000610357569013777	-0.0388334049432583	0.149622190476255	0.00978027611027231	0.0303298065537333	0.0601017488343249	0.071483900608636	-0.0278822855071	-0.0811301968617806	0.0688916455396135	9.7516300592989e-05	-0.000169547404565819	-0.0123660374122098	-0.0272415053867929	0.0866899243983	0.00992102918387509	-0.000418772867513948	-0.0480195465817218	-0.000299073103160159	0.0070927167379226	0.101970118400135	0.0615823353299819	-0.0397386635140707	-0.0747234798402747	0.00327500528243524	-0.010306033621887	-0.000653075056969151	-0.0855425558447396	0.0749681545454039	-0.013233545626915	-0.118998357576236	-0.0425865157360576	-0.0785524499643923	0.0610472406897083	-0.0505254673070684	-0.0736617287713823	-0.0103497300068321	0.00844993096300394	0.0245279294329727	0.0010463075895295	0.0366512594551612	0.0466167998501601	0.0285022375933211	-0.0115791370402652	0.0835064065581689	-0.0904958882451081	0.0186458666010607	0.101822527805165	0.0571240328213213	0.00787573241893918	-0.039056727001904	-0.0414718813699884	0.0576405444813282	0.0139411772092019	0.00945260803984603	0.0326645814824584	0.0228307299069308	-0.128528396700185	-0.0516959600178121	-0.0786375442839636	0.0959517383746295	0.0184510193698455	0.0700724069929727	-0.0045304569223596	-0.106168312021594	0.0323614017578576	0.0107862542323141	0.00526092499085352	0.000407674895330142	0.0261966190316416	0.00692897957047957	0.0166088443847824	0.0364286876910896
0.0305588518953867	-0.0279973445379438	-0.00640233891303642	0.0504356610317875	0.00940963478835672	0.00634844833637516	-0.0609266742789532	0.0428057310357829	-0.0281125204870214	0.00741169505274745	0.00256899391755314	0.106342256406993	-0.0316463504974072	-0.0170262872085496	0.0202576078550462	0.0838852431346538	0.0395676126173871	1	0.147466031727029	-0.0548572956409907	-0.02202292121681	-0.0100790152436291	-0.125347500302922	0.0200452619304148	0.0831855768105278	0.0340206762221284	0.00211107844479239	0.0212136600356049	-0.00416501759481389	0.101743109108218	0.126020831874347	0.0508427917365214	0.0679618760805614	-0.0209358283020037	0.0449483778872053	-0.0293849100927598	0.097483342115815	-0.0750541486958266	0.0101346688340792	-0.0189280506560422	0.0431932788957991	0.0190291966209552	0.0450968843596232	-0.0236276360811192	-0.0591990175193483	0.133406905151991	0.0842716326069661	-0.0753438695405202	0.00832378803502816	-0.0281352746316032	-0.0195409743824104	0.0303933545563395	-0.0622512010679333	-0.036518095255164	-0.00965384040207401	0.00806370346325976	0.00772524448467771	-0.13536297420836	-0.0967590121773846	0.0591870350032712	-0.048965384842342	0.0191608705909827	-0.0826786012871847	-0.117407809982672	0.119494937814931	-0.00808629634888025	0.120243453768496	-0.0419680654639499	-0.0106470113982746	-0.00589412432510703	0.121340883595448	0.153761748250926	-0.0162707903964165	-0.0064726133660121	0.000196279991036678	-0.0454651481850226	-0.145928223127711	-0.025761229947286	-0.148168222413099	0.0772354759369381	0.112018112119361	-0.00949306143016709	0.0128305319440609	-0.0617921178332407	0.0321171462134648	-0.0428647030194134	0.0139120733097522	-0.0510187855725424	-0.0261091100912781	-0.0801209218354294	-0.0708866598759008	-0.077253363902316	-0.00158264341614195	0.0548574356833837	-0.0130702674472427	-0.0118697857295897	0.00505175188979489	-0.0895944775505547	-0.0224148609430948	-0.0248453546884968	-0.044895859150079	0.0412439085419459	-0.0413456565655051	0.148902513676643	-0.00855336573374643	0.0399128248628655	-0.137484647020428	-0.0176622698306464	0.0311536395291795	0.0610576583657104	-0.0828250285114193	0.00686676342897571	0.0923897396181191	0.066956432302045	-0.0302679676638809	0.0460512027120805	-0.0967362362544905	0.00345548510643141	-0.114687909224148	-0.0321440006911142	-0.0871376552655035	0.0909444137158596	0.0456106949237491	0.00632926929015166	-0.0319451092333027	0.0679416043564403	0.108512259895632	0.0949659200437262
-0.0565215005732891	-0.0346915020720415	0.143055511795772	0.0141739115178749	0.0175393787566067	-0.0785501428677675	-0.162222803537807	0.0414106387658472	0.00242896484057712	-0.00492063165025618	0.0637327362647818	0.0527712140050782	-0.14988224591945	0.0390855928777939	-0.0464445919420411	0.102309275561879	0.0519879165644493	0.147466031727029	1	0.0854482686642122	0.0914491798597247	-0.0279931671115317	0.00443973874353895	0.185784236501971	0.0365527536263858	-0.0489431511354246	0.0431720471498635	0.00261234140314317	0.0416583802379972	0.134897875868292	-0.00877650410393328	0.0164246808732489	0.19929096893892	0.0137874243893	0.0438037528650519	-0.0455951126226333	0.028903589894879	0.088080602354026	0.124930405961907	0.115760716974342	0.0847610141296942	-0.0470268730691827	-0.132895010384785	0.101007863243916	0.00533888693406345	0.115402465160379	-0.136056080076261	-0.0393590878596992	-0.0151109096527034	-0.0498270263791297	0.018374683610863	0.0409611059263695	-0.0924825323951588	-0.0282192363011902	-0.0172248992694649	-0.113009888986241	0.00710759078623317	0.0703151265865371	-0.0299937216475513	0.0437196526515281	0.0879980898834325	0.0283657415217231	-0.135008387150167	-0.0934631882612768	-0.0242717258404223	0.000685265863833748	0.0292406635196491	-0.00312750968552989	0.0855507045036919	0.0758989821256796	0.163202505912806	0.0216460100727747	-0.0458147560529963	0.0661941196057144	0.0547608573958051	-0.0123545043390738	-0.0536593510123387	-0.0121697275874692	0.00711914283631344	0.029550008285114	0.0517188625183343	0.0507759110565907	-0.0588110414304486	-0.0145613077565143	0.0647841387871733	-0.0902077019892029	-0.079786594454346	0.0421329095052992	0.0431403560323774	0.0351195626848869	-0.132182546159379	0.00801953659390481	0.0926385937635046	-0.00528644027614263	-0.0269659956129303	-0.091404576114765	-0.0728449616697994	0.0251836980705381	0.147162962532574	-0.0528104205789689	-0.187030140895038	-0.118935176989398	0.0462585846599275	-0.099457763992175	-0.124728354554687	0.0133391781330136	0.0352484282680537	-0.0195206510214347	-0.0121755018724655	-0.0671163748100154	-0.0672452041218085	0.0390922315630372	0.0261953657678476	-0.0392615813021444	-0.042290704341338	0.102593958980942	0.0183533307850265	-0.0817670505349636	-0.044090229120261	-0.0794417563890851	0.0171974699828233	-0.00525072912875117	0.177104873084979	-0.0236476542481069	-0.0724968440294977	0.0289544174971015	-0.0271409207668542	-0.0631378226733735
0.0803530328022193	-0.115372915438343	-0.0556442421713713	0.0526271733222419	-0.0507053583072099	-0.0780588749378125	0.0367799410318442	0.0419616458065689	0.0606903427507178	-0.0929932140732538	0.0785103677623052	0.0220941376500546	-0.0907280498948892	0.0892787619700583	0.0521404176899604	0.0252348669070221	-0.0391013927887128	-0.0548572956409907	0.0854482686642122	1	0.0729477658720532	-0.0229948023739227	-0.0966971434909506	-0.0407891253329667	-0.0778332954310964	-0.0497951088360186	0.0485215985098504	0.120917415742925	-0.0130749480179002	-0.120218191856673	-0.0786647921607706	-0.0338928263849293	0.0600428722683324	0.0145974479943154	-0.113776901618038	-0.0890728894921275	-0.0311707885129238	0.0724926796589687	-0.0396617857462833	0.074970880868082	-0.116095496499667	0.0477568996736597	-0.059920826347597	-0.0636658105136271	-0.0568001042583397	-0.0247490850364186	-0.0444727492613451	-0.0530609355557811	0.174961160514691	-0.0343217895571462	0.022786539108938	-0.00644469176356291	-0.110566977505058	-0.0851525621330487	-0.0748033875514011	-0.0235614788924551	-0.00578257078199818	0.0190503025378689	0.0194534116403628	-0.0632329147963201	-0.0361094164972406	-0.0726274858903271	-0.0521199542713241	0.075186418520635	-0.111730432872946	0.128281186718448	0.0238014102678098	0.087870544132728	0.182728265378333	-0.022333527122402	-0.0124880540690981	-0.0422216088242246	-0.156835790630514	0.0875232772042031	-0.0416317369729337	0.039618945544235	0.00674201720982959	-0.0195979057111733	0.0348889349235034	-0.0528742934691929	-0.0435109082295045	0.00858120021621888	-0.086256225873066	-0.00853662201469076	-0.00438813211280926	0.0418887387009262	-0.0139901416847654	0.0178982578397246	0.087986182783192	0.138137937182916	-0.00841690211658637	0.0134010538881873	-0.0620865298533346	0.0116880630102543	0.0332839216605787	-0.0238491044525353	-0.126944881030799	0.00394725428743945	0.1571203320846	0.136412845891787	0.0280797007692367	-0.0654714974542814	-0.0462442957840955	-0.005344554465438	0.0265323870915715	-0.0134489956222822	0.042969838818727	-0.0445897440460576	0.0016329048689259	-0.157061860700251	0.0510373530703719	0.124751836919697	-0.0330198228463399	0.0496218238929894	-0.0651018283284774	-0.0411721800469948	0.0536031866323455	-0.0234273623372009	-0.0630028106494768	-0.00326080638906983	-0.10530342169263	0.09570419482802	0.049485461820043	0.0722267347004109	-0.00361292588807205	0.0046427056258139	-0.129634177904187	-0.0197942634736191
-0.00453789920559469	-0.0352104145677714	-0.0666572631634308	-0.0159921403562124	0.00118300885557887	-0.131199594807219	-0.0868441468453	-0.0813224258508537	0.000861407266501841	0.0210750905045766	0.00663275820562563	-0.0292584007388364	-0.0688854720204304	-0.0155068633989928	0.0251567110782205	0.03163939837732	0.0692190595237202	-0.02202292121681	0.0914491798597247	0.0729477658720532	1	0.0173563692010755	0.0430178323822394	0.0698980477091772	0.0597922215189299	0.0509365672366975	0.0116526748164386	0.0636367832702465	-0.0700826135483278	0.0420199651723507	-0.0034447515289124	0.113390500057413	0.0558721038514489	0.0173063683567738	-0.0242700196325867	-0.0514406225186158	-0.0390131334778341	-0.0175319740021026	-0.00664591549880894	0.00630931672592689	0.0920119460270545	0.0833555795784534	-0.0714276902793751	0.00834462028963277	0.0362400008529123	0.122760460471898	-0.118483719701375	0.0758622053606374	-0.0552126625938452	-0.0442727602327475	0.0374855792250069	0.0298479397641937	0.0164113601398175	-0.0132152843341439	-0.0510780118056668	-0.0485292918054892	-0.0414008300602761	0.0797575856182149	0.0885529290898558	0.0195102854132888	-0.0119387041901364	-0.060923488837786	-0.0449189198228895	-0.0492855164377507	0.0471312744167791	0.0183198052467465	0.0570885612016731	-0.00279354290196132	-0.00086285687043212	-0.0781780224359519	-0.00120838068517569	0.0243738892013112	-0.0147656345790616	0.0177118015569027	0.0248077356061607	0.033455911437906	0.0310572186309462	-0.0899739991386579	0.0286989965372177	0.0100573761586877	-0.0624948566329396	-0.00981369417774276	-0.0537463835953095	0.0162348532174291	0.0207186606347334	0.00662771593546904	-0.0423434031753044	0.0257631215593632	-0.00689588740615396	0.008962263748896	-0.0602319795925914	-0.0489955950919666	0.053014169150229	-0.00686294302746968	-0.0335168514993356	-0.0701053134394749	0.00545403024845699	0.0141494930614451	-0.0369098866913765	0.0521489512552052	0.0528020906787926	0.0089316261662253	-0.0286435553497059	-0.0122508739600984	0.0512606375893104	0.0335225108329471	0.0593271177872745	-0.0088391050250988	-0.0419088666038951	-0.0561815274369502	0.112536721209502	0.0201001156583997	-0.0677668790938165	-0.0338778644318703	-0.0793804717644473	0.0297032237460163	0.000196593841653581	0.0167516970148862	-0.0156267863765541	-0.0393095042622513	-0.000315363670780174	-0.0299454083969547	-0.00274732787717609	0.05238664251391	-0.076724281977807	-0.0557070095166234	0.00284402502344137	0.0573632249047073
0.00438243061739731	0.0666816034926957	-0.0823134546593835	0.0329183817161065	0.0963023495797328	-0.0194333628685715	-0.0788787112722877	-0.0501497987299974	0.0137286454397778	-0.0740255409338051	-0.0418471742205406	-0.048680055417085	0.0581115720970999	0.0343325135289076	-0.0084956236356803	0.0364871093963672	-0.0126468772470351	-0.0100790152436291	-0.0279931671115317	-0.0229948023739227	0.0173563692010755	1	-0.065994080213979	0.0230724727503838	-0.04655486107518	-0.114625054256304	0.105262837131066	-0.143293972061768	0.043301458158904	-0.0103203824640625	0.0880975991792552	-0.0707168754143702	0.0522053454154655	-0.0461226355835708	-0.0434971615477019	0.081769640545422	0.0949348577965852	0.0581882515704896	-0.0294684730017312	-0.0347661619416505	-0.0194454142937061	0.0112534887703477	0.0997719748412354	-0.00541876591467355	-0.059089653727705	-0.0257331665618818	-0.0031783414827062	0.0931388405743997	-0.0595199793494429	-0.0468188011653321	-0.0148842818744495	0.0169061707602043	0.0427077205464471	0.0028089560813626	-0.0223662148750998	0.059275833624761	0.0653266991809392	-0.0315209614727536	0.0396932572136779	0.133142779492845	-0.0215453847611829	-0.0132843619104329	0.101164590725489	0.0279724261205384	0.0355163412386031	0.0743312085010303	-0.071100791111627	-0.0303061032763918	0.0408843108290704	0.00992412301103497	0.0269390537847081	-0.0119840237884753	-0.0600690863080071	-0.0172586996632682	0.0191726765079078	-0.0413201761148622	-0.000642503175080033	-0.0210138433172891	-0.028275509301916	-0.0239168109313204	-0.0460767281568931	0.0723825294192557	0.0993331939320443	-0.0769644631642855	-0.0215153765133633	-0.0571023571777572	0.103269881138648	-0.00473839497639347	0.00696853952835658	-0.143234387272767	0.0301628256253187	-0.0379496142764604	-0.0394601155944275	0.0471722348198548	-0.0670561058791035	0.110742476893891	-0.0227165960926257	0.0113247818678882	-0.0685250224440167	-0.0177510153054803	0.0127186101336868	-0.0202748598126852	-0.124799532081974	0.00719489332268332	0.046567336734603	-0.0605078977377438	-0.0206725268815563	-0.093508952081718	-0.0174241407403002	0.0094387886503688	-0.0253358638511049	0.0340787321763544	0.062964607974927	0.0516296971242412	0.0129988821078802	0.0557815067834031	-0.111702627589187	0.00320583836231703	-0.025033605071461	0.00719114998886985	-0.0134945245841141	0.0251280989014554	-0.0771548622419844	-0.0732309149621084	-0.0368197871460704	-0.0371460529316506	0.0108346402790207	0.0398948077353699
-0.046815116779297	-0.00765172656323685	0.0231367345815624	-0.0468387117675062	0.0284083572816147	-0.0416357955478824	0.0106888065735308	-0.110890105456691	0.0436268114793536	-0.0317024492710484	-0.00137722336286382	-0.0157863330151518	0.00639700714393261	0.00282873013644173	-0.0245730434568765	-0.0549031681048881	-0.0687775750279029	-0.125347500302922	0.00443973874353895	-0.0966971434909506	0.0430178323822394	-0.065994080213979	1	0.0413210193100573	-0.00199434321381431	-0.0634700684521129	0.0834226236890416	-0.0649199667618848	-0.0690158990685062	0.0192113577365409	-0.0302504202378304	0.0498718150548592	0.00241002668578432	-0.0127721133804693	0.0591028513840024	0.0250175215155362	0.0526983376741797	-0.0499332194062932	0.131640346266967	0.00903080112749302	0.0855794400415541	0.0515174474848556	0.0120090837338222	0.156566728818312	0.00849804125549951	0.0232413979717713	-0.0909539809040217	0.010934081764856	0.0109196518463882	0.0877991087499795	0.0225630910447076	-0.0519215300715048	0.124323107024252	0.0601014702478729	0.00663667576567572	-0.0156143391190628	0.00465775430255152	-0.0284252327550261	0.00275566749591711	-0.0757080574717183	-0.0490639754382813	0.0470560103227411	0.118752041008236	0.0544707359368276	-0.0519092624937829	-0.0760089798286573	-0.073259156558583	-0.0153752560087618	-0.0333728783101711	0.0981640622770324	-0.01048029191962	0.0169521494643376	0.0636725751653894	-0.0467956437748055	0.0318107187362821	0.0204525226015692	0.0884093653542465	0.00243533427540153	0.0977827415859675	0.0228810123707252	0.0636239566074036	-0.0557130741608448	-0.0505304036597249	0.0708570124822426	-0.0211257963609264	-0.00927579228876066	-0.116174217471037	-0.0374363143522799	0.0499092431194491	-0.0218689210044915	0.0184677676686846	-0.0277286758969008	0.0155576526690167	0.064912734402936	-0.0046658183157217	0.0196191940161456	0.0246071884132037	0.0133033198554026	-0.0715789402199149	-0.171668893419926	0.0393023340244195	0.0530652380124444	-0.0322040680315502	-0.0304391155869198	-0.0351669550003116	-0.000710816204062502	0.0969595572418291	-0.00944906059669921	-0.0140120631660402	-0.0553644397146399	0.0495736433687728	0.0353790102755537	-0.0188709928949657	-0.0737484942513218	-0.0796009808456623	-0.138097837515134	-0.02621776591653	-0.0458684014701103	0.0917672553480835	0.0670530225835786	0.0427202736758763	0.00994213280717083	0.0256959357652627	-0.000951544285180686	-0.0535525097383479	-0.0964012634914621	-0.0659488906120074	-0.0441920170986888
-0.0558833725750794	0.0781724084180789	0.0459978308791682	0.0188568377987428	0.166173561440148	-0.0861195229417998	-0.188959366589801	-0.316521771355638	0.0333966810716806	-0.145612579097961	0.0585132193990452	-0.0644654004496536	-0.000679486104337466	-0.0135281668521149	-0.199499643454796	0.019705928927735	0.0290136201395226	0.0200452619304148	0.185784236501971	-0.0407891253329667	0.0698980477091772	0.0230724727503838	0.0413210193100573	1	0.0511483337744347	-0.0460943638483933	0.0449855444420072	-0.109748415323818	-0.0181409944654267	-0.0527574684648133	-0.0653131951999459	-0.0614180059163496	0.0369029377599159	0.0141000775281536	0.158250501419589	-0.28514094452117	0.0675311504249719	-0.00574206787597277	0.00737479462549058	0.197097336175524	0.180159667054082	-0.243719415156515	-0.0701779408967616	-0.00185141113154973	-0.139020282731467	-0.0842564807882783	-0.024157309277008	0.17960739010555	-0.085210915588055	-0.166506400034306	-0.0232795000777752	-0.0796395296282342	-0.0532055012317172	0.117177857744679	-0.0336955105859665	-0.171291124111838	0.0344961794938776	-0.0213586852614469	0.25540281835506	-0.020752693113606	-0.137692513620911	-0.0932044255710439	0.0145667165916606	-0.0749145117910635	0.00873263398183084	-0.00635342527158676	0.0817529487499493	-0.0436765619407047	-0.257759638723763	-0.0465882134633656	0.0813335662019821	-0.0809680301632182	0.0339031161242951	-0.0600825448090293	0.0783482372349597	0.0860647057607557	-0.0942929694796854	0.0766846025780534	0.209750643516948	0.0818472119136675	-0.062791526169865	-0.00447445503469549	0.013432800472582	0.000464502323334421	0.00395964587738025	0.292405577204627	-0.152158410394575	0.0415299019156007	0.0324096928216187	0.0441255386946443	-0.0135022473812943	0.111442063483852	0.250487462528904	-0.0418794479861428	-0.107193327825052	-0.0924432738633012	0.109506715967513	0.0960017414581598	-0.260503222050635	-0.0508013020332299	0.0904147168290876	-0.0641381959273834	0.18927315492967	-0.130405549213271	-0.0689524629779465	-0.0749776867700931	0.0939513092803303	-0.104119264745755	-0.0690925612230705	-0.0323740773113722	0.0053719444450379	-0.115186463168456	-0.205944874077058	-0.00983759557062557	-0.0143077843335374	0.198786430713007	0.0372149079651902	-0.221553734914821	-0.0254094289391406	0.184390054186864	-0.0878860180357815	-0.192710723058601	0.185407625556255	-0.104109363914189	-0.302699596364408	-0.0159214885914417	-0.0705658277214325	-0.123271293026085
-0.114783239187134	-0.0752070330773334	-0.00983805209626115	-0.019981862037104	-0.141319098265106	0.0141210893942381	0.0919139252995149	0.148908652732134	0.0925465776734567	-0.0462534411208754	-0.0740920663950514	0.0170067334328656	0.00251129282021134	-0.160031504642297	-0.0215700673703073	0.0725870080521044	0.0470971596400974	0.0831855768105278	0.0365527536263858	-0.0778332954310964	0.0597922215189299	-0.04655486107518	-0.00199434321381431	0.0511483337744347	1	0.046332694724424	-0.0905655427595137	0.0818294064805813	-0.0776455410574026	-0.0556356748959943	-0.111528351710473	0.0680124814626734	0.0353358323189249	0.0445629696638807	-0.0898423996976781	-0.144818889524317	0.179990716734967	0.0389937997807079	0.0266474151759948	0.0504590584497474	0.117714997401494	-0.00585496391506467	0.0141886566644527	0.0162358671050924	-0.0786676222755413	0.0321028380922833	0.0029215106778685	0.000425696893457207	-0.0118945006185182	0.117338659314551	-0.027315128610028	-0.0259868068993208	-0.0208573640604084	0.0307143840893456	-0.0326628536229751	0.0196722320547602	0.03746985916875	0.0230609858415305	0.0542831171814752	-0.0214752253991379	-0.014389965859118	0.0512403683538151	-0.0198953969314089	-0.102885135044603	0.090274591094612	0.0805778009668299	-0.0402193764408943	-0.0361261502323728	-0.200598193469285	0.0333346197650509	0.0601514816862683	-0.101043385866625	-0.0502341842886389	-0.0270690917600021	0.0201871803753275	-0.00155013131030778	-0.00335802986883689	0.0229692129596952	-0.00463995903334124	-0.0212319584186342	0.0151533115799818	0.0361637068967663	0.0244015203746232	-0.00741994198456712	0.0553240783133948	-0.0632674556686697	0.0627972960467459	-0.00379001146709563	-0.22684760677276	0.0683097228805475	-0.0579525794144914	-0.025960712053039	0.126207385688998	0.0165131378057982	0.108408237750606	0.133195687293272	0.0183211544726736	0.0180193487417133	0.052857299974598	-0.00444934581563013	0.00732688308934706	0.0163656661013555	0.106574823496189	-0.00144219413020514	-0.0296633175655686	0.0826357847458974	-0.0530144184652385	-0.0111289770257602	0.0229487698709644	-0.0460632030695341	-0.0172644537358544	0.0748731820646986	-0.0918830348377124	0.00422232970567759	-0.0451190427949593	0.154170728611264	-0.0117645402598564	0.0945800967537081	-0.0270960649352161	0.00245661849611342	-0.0259007462445626	-0.0369615509333812	0.136288022237218	0.0790312711589097	0.00314148021168448	-0.0563392220961562	-0.0164221358529409	0.0850187218922351
0.0520128461069088	0.0343007156520553	0.00464634387879352	-0.0253120332449763	-0.0979217196343373	-0.0878615740340019	0.111359153954641	0.0629564440215724	-0.105775898400396	0.07817261392075	0.00564703074728882	0.0413430210221375	0.002057438269802	-0.0334121652402478	-0.0038543557022525	-0.0439575735755252	0.0219342266414819	0.0340206762221284	-0.0489431511354246	-0.0497951088360186	0.0509365672366975	-0.114625054256304	-0.0634700684521129	-0.0460943638483933	0.046332694724424	1	-0.0276161160490951	-0.0180557851334932	-0.0209145213126742	-0.0248189453991145	-0.00264935892260312	0.022431631221873	-0.0302851309152769	0.121846819443967	0.0729949747564625	-0.0843228319533044	-0.0522831940537448	0.0209452268495438	-0.0284994598132834	-0.0321790531288152	0.0848124904574208	-0.106988495639912	0.000377170246755212	-0.00417546213990127	0.0952430680168569	0.0779340621859732	0.00219074750377565	-0.074199671570325	0.0391048350119115	0.0381511337322212	-0.069783029217653	-0.0302570369910887	-0.0813378334615263	0.0199985294941511	-0.0394624519089724	0.0336416189344766	-0.0564095068036477	0.10344858124194	0.0262375737614992	0.0542121138564959	-0.00723239762198918	-0.0740676133661056	-0.0296868742836267	-0.0617061773613505	0.124310636121598	0.0721416812840786	0.0764167140306227	-0.0281241444869574	-0.0713849386211458	-0.00836206545451153	0.0408874440094838	0.075915648666474	-0.0888263928161858	-0.0522962089082954	0.0078170314147048	-0.0936836507307175	0.0826038373589362	-0.00129603679829365	-0.0446125875934386	0.0386692729552913	-0.0153941135850239	-0.00946152909969634	-0.0463701406569391	0.0535485981417304	0.0240028970503941	0.0100116600986611	-0.0550439973804341	0.0235360207065714	-0.0194260570464463	0.082597680518172	-0.021054241147883	0.015732844419802	0.139692585509434	-0.0674662940943494	-0.0150179544080846	-0.164331089465108	0.0855957111233629	-0.0808122069806833	0.0255862469863622	0.000509725291870802	-0.0274145890279911	0.00447299045518222	-0.0439490277102137	0.144789088987102	-0.0204988548392334	0.113913178037807	-0.061754676329356	-0.00388107415035009	-0.00731362159568917	0.073794215133447	-0.0522658652152592	-0.0617864924824874	-0.102076709539277	0.04188380701921	-0.0538155521888071	-0.0366507615812891	0.100367814717912	0.031378557350761	0.0846601092165827	-0.0955391665269874	0.0259686528216509	-0.0787804658213758	-0.0354814146597198	0.116793314565667	0.013199797698652	0.0173328535076858	0.0426533707117897	-0.010505719263554
0.120171902772908	0.0754314106553218	-0.0629466323183337	0.0466932173057192	0.105782585714241	-0.0194035239387584	-0.0433368937419397	-0.0640515773931824	-0.0935558545479416	0.0686818913301585	0.0391745529939952	-0.016655839202381	0.0225352427973928	0.092849202087328	0.0233258439983315	0.0156887401107689	-0.0315014097116086	0.00211107844479239	0.0431720471498635	0.0485215985098504	0.0116526748164386	0.105262837131066	0.0834226236890416	0.0449855444420072	-0.0905655427595137	-0.0276161160490951	1	-0.0466594679794411	0.0381355282356553	0.0842420172023827	-0.0198224996834501	-0.018374667836107	0.0212048552761308	-0.0468515450683517	0.0554427303342511	-0.0724539651930488	-0.019509209202526	0.0583502985489623	-0.0283957106736425	-0.111143016666891	-0.0387094525720104	-0.0036388399211569	-0.0101671681095255	0.0391464349037107	-0.0969017282196694	-0.0678445371805468	0.0164689456806892	-0.0243840985088486	-0.0532068000563921	-0.131095665913429	-0.0382574724850403	0.099141712704678	-0.00475330446029279	-0.00451222744981438	-0.0339475356132575	-0.0147652005757829	0.00286848698237168	0.0208510858227404	0.0765866324778835	0.0668334302428451	-0.0689683316273744	-0.0179032485019637	0.0538913806369757	-0.0672250654768174	-0.0224101949495367	0.026011394753816	0.0357024973739584	0.00382860097546319	0.0679792654435393	-0.107167991669541	-0.0421031186264931	-0.0388561859506272	-0.0475324031818318	-0.0076437648369466	-0.00589368266099008	-0.121463781219953	0.0504198596431239	-0.030616563716697	-0.0394218694628553	0.01919626448125	0.0449229586871941	0.0230956414750649	0.0735562194123747	-0.04724381295483	0.000747900502033082	0.0740446696230781	0.0365754526431125	0.0119252477658189	0.0550407635097993	-0.0372487380109936	-0.0153775099467247	-0.00965325972417932	-0.00904469726553683	-0.0727253099390779	-0.00480188625493168	-0.0481797028006466	0.008592406711636	0.03889266720145	-0.0711345850406254	-0.108838499658282	-0.000371967020847902	-0.0649696144520826	0.0679995748861204	-0.00257825678729334	0.0395662648543225	0.0270629405352537	-0.142719883411091	-0.107164994786303	0.00796347739512047	0.0574482125564955	0.0658822307341419	-0.0694941350407437	0.0710534723588802	-0.0155639020573126	-0.086318356019041	-0.0708522724065595	-0.0336511828587723	-0.0617121096046911	0.0291966131688752	-0.0557764870133411	0.0435843167978739	-0.0693784170659801	-0.0540552160182015	0.0118221323799222	0.00409630142940901	0.0283741012061983	0.026332034649178	0.0678130030194084
-0.0818796902412287	-0.0157811624840353	0.0617979436872105	-0.0242844693696728	-0.0863948625784274	-0.0137411132345182	0.00428385214019493	0.0624160127825261	0.0212204231872018	0.0513497540811047	-0.00608742543630023	0.0512748094989369	-0.0503475677089078	-0.0704068949714066	0.0490242813032701	0.023742278411109	-0.0806976915407563	0.0212136600356049	0.00261234140314317	0.120917415742925	0.0636367832702465	-0.143293972061768	-0.0649199667618848	-0.109748415323818	0.0818294064805813	-0.0180557851334932	-0.0466594679794411	1	0.00819524159070578	-0.087813304297424	-0.0795039255872041	0.0960095338437873	-0.00746873105355467	0.0645417648058744	-0.0632293711245965	-0.0158662796020068	-0.0487543421954455	0.00584343888740746	0.0463556281201558	0.0683082063098843	-0.0052997527601812	0.0638460893575127	0.0124685585375886	0.105777064205269	-0.021309168404922	0.0400664976164505	-0.0547835550250515	-0.136118336771339	0.100959528126748	-0.00165797538251428	0.0421991843384876	-0.136972138417837	-0.000172595777185573	-0.0862224866076889	-0.032041237910129	-0.0138532324576996	-0.0237404324614888	-0.0643273013639855	-0.00203186860745909	0.00980256271381558	-0.0401943179934705	0.00871809626785858	-0.213536681885327	0.0811035710261565	-0.110716909553451	0.0129628140117526	0.0609294193745555	-0.0574969731802224	0.00476875035869864	-0.0666883432648752	0.0264534197491334	-0.141534099333941	0.0384504392975153	-0.0886290903105712	0.0408859561124282	-0.0619971508335228	-0.0286830462396182	0.00427670994850338	-0.109417883886803	-0.00612327024190682	0.159090734017818	-0.0450147174114041	-0.0830670286046914	0.00226280072020359	0.17005727788807	-0.113687774761085	0.0374620128673458	0.045852870561184	-0.0137637213176106	0.209761989683737	-0.120919236805248	0.122632744912561	-0.0553254954077785	-0.0861688842428951	0.0428593965741635	0.073179524927449	-0.132719298524434	0.0504633988701298	0.0982369160228373	0.0343804904625189	-0.00577873840248311	-0.0560381654547546	-0.01868037333865	0.0413556426891666	-0.107536059069003	0.0953477654348311	0.0577916354695792	0.00419427515401238	0.100654536728657	-0.00843475115955773	0.0640111886673852	0.0410466373389756	-0.0568675909850632	-0.227510694030678	0.0517570593094714	0.0421425641637541	-0.0899798672431689	-0.0155189150223368	-0.135943916872094	-0.0297543071523441	0.0139771208470861	0.0712038589695871	-0.00112138020606099	0.0289598708279805	0.0172683198879365	0.030285690816283	-0.0170201400361708	0.0390259450560646
0.104827642360744	0.0317415535960747	0.145405793558815	0.000110854622607672	0.0817139274023506	-0.0223616856096425	-0.128261379770959	0.0290990098089141	-0.0721506620445485	0.03533072129525	-0.0591859940254505	-0.0399923521935526	0.0411880871113895	-0.0305996135227786	0.0596330311044789	-0.00196303108890204	-0.0671986051102006	-0.00416501759481389	0.0416583802379972	-0.0130749480179002	-0.0700826135483278	0.043301458158904	-0.0690158990685062	-0.0181409944654267	-0.0776455410574026	-0.0209145213126742	0.0381355282356553	0.00819524159070578	1	0.0679895590669232	-0.0002795656409317	-0.0658435269770691	0.0932388164700085	0.122247245413402	0.0325355232362165	-0.0138786994296631	-0.0351933993518276	0.0173138821493377	-0.0224921983106006	-0.029691316979469	-0.0938371152511684	-0.0281389618021663	-0.0420718594521547	0.025954038401351	-0.118631528115783	0.0575915184290352	0.0324667966611114	0.0196657642255165	-0.00554308455231528	-0.0391929728711871	-0.044070233118769	0.0629774330253731	0.022219088833403	0.0359410951373577	0.0620390828715678	-0.0103082462590406	0.0191757343089402	-0.0517641467863487	-0.0255931217608638	-0.00879133800232781	-0.111445787005822	-0.013770175725162	-0.161146064162269	-0.0251305621485915	-0.150420875885117	0.00247790699740211	0.137250468695678	0.0586432944922863	0.0682501016553083	0.0263458670366645	-0.0164200474987836	0.0220579106916844	-0.062559674152443	-0.0579786897802461	-0.0714719218170039	-0.0678711795279151	0.0442620294849344	0.020901243076669	0.0280895115812775	0.00861927435600251	0.0577432722932698	0.0621271040961598	-0.00439474346802462	-0.0652733729555969	-0.0156239485360373	0.077736767377705	-0.00610330963387421	0.0206620838323679	0.0260203469863181	0.0281722586043455	-0.136901029064019	0.0473301447809738	-0.00472960642748501	-0.05086679202913	-0.0153157536431347	-0.00262819357697124	-0.122420127570037	0.00405104331183015	0.0842047826027734	-0.0314969694823407	0.0114389771180593	-0.0209188782828444	0.0325541869376461	0.0442609702566227	-0.0988156157615833	0.09760605905652	0.0664590920115995	-0.0752863003201525	0.0716473672649539	-0.0399629509109994	-0.0331180630314402	0.0834638105980987	0.0872696337830026	-0.0325758085576775	0.0059164558507923	-0.0126126824649523	0.0253588664856183	-0.0850086429906551	-0.148111131006552	0.0860526321439933	7.01491348492331e-05	-0.0148552844030793	0.0318600859683958	0.00972684606014699	0.00197595855490393	-0.0350958590303291	0.0337716330172161	-0.0479162522146139
-0.0119599656261984	0.0771563019395598	0.00208733987708977	0.0838670468970514	-0.015694523760767	0.023300725443544	-0.0774822988123975	-0.171205664831356	-0.11724419331175	-0.0850341358084051	-0.00883700005283817	0.0852938232176775	-0.0208504564004584	0.0154424496092572	-0.00695142870208078	0.0887191902300433	0.0384142081553724	0.101743109108218	0.134897875868292	-0.120218191856673	0.0420199651723507	-0.0103203824640625	0.0192113577365409	-0.0527574684648133	-0.0556356748959943	-0.0248189453991145	0.0842420172023827	-0.087813304297424	0.0679895590669232	1	0.110688249743376	0.0791724969914015	-0.0677874919564691	-0.0548756838362193	0.0739785994625299	0.0220238775385897	0.0274297028273304	-0.0452511976909802	-0.0549004656030369	-0.0492913476620718	0.0333507009483776	0.0177140442764109	0.108000925662445	-0.0132550057079878	0.0365758697633175	0.111445180118923	0.159408470287422	-0.0622540044063826	-0.0748508030204805	-0.107189055821911	-0.0274335760146659	0.0937788179242613	0.00571567083557457	-0.0651804506831269	-0.0428336387292985	-0.0711035196644189	0.0431100247963627	-0.055549667850122	-0.0903706883480173	0.0412999803371133	-0.0940061778835974	-0.0505254859529788	-0.020930152805753	-0.0786571881505816	0.00420295065959921	0.0247415464848692	0.0791711741141681	0.00610913550164772	0.0155936184402649	0.0535670023348805	-0.0149954093003624	0.0806679682970064	-0.0537912539252279	0.0815302748611774	0.0493031832005534	-0.130103057292682	0.00908069114537525	-0.0669027707900963	-0.00500802938350169	0.0522837703874007	-0.0542690360301835	0.114099823303087	-0.0592295053039699	-0.0216338728142825	0.0710537563446148	-0.08435158217592	0.0100251214956807	-0.111302621412963	0.0399945733459653	-0.146566382018283	-0.0163494809816463	0.00472433344576327	0.0342230142542124	0.0516614204889979	0.00242521129492616	0.0605261765210685	0.0164289564711135	-0.0490051294786716	-0.0746125077102835	-0.0669849744011466	-0.0730072943431769	0.036131077871229	-0.0600744689868464	0.0305568231630286	0.0330537943456516	-0.0886682608212308	-0.0635982475147794	0.0625554577022875	-0.076720753077933	-0.0152666295295981	-0.0225567222843138	0.0161160555116667	0.121117496607727	-0.0729749479505229	-0.0291019784674248	0.00181926322685505	-0.0828170384660172	-0.0313461429776032	-0.119041420202684	-0.0361739641592344	-0.050506042884599	0.0046625365727781	-0.0290644469388622	-0.137909050406879	-0.00103453301258631	-0.0413874227267863	0.0209406132668199	-0.00752310143656659
-0.0196622797181837	0.0239065119394185	0.065278003249793	-0.0438385901214668	-0.0805142912039467	0.015592884098761	-0.0266204428775606	-0.107259834357335	-0.0359934628815236	0.0239074788954446	-0.0708778315379388	0.0531504687834101	-0.0107724396044809	0.064594128643908	-0.0215981508163064	0.0164918799354793	0.0325587044309278	0.126020831874347	-0.00877650410393328	-0.0786647921607706	-0.0034447515289124	0.0880975991792552	-0.0302504202378304	-0.0653131951999459	-0.111528351710473	-0.00264935892260312	-0.0198224996834501	-0.0795039255872041	-0.0002795656409317	0.110688249743376	1	0.0460053442272508	-0.00871668578334154	-0.0226457070174014	0.0286166024697333	0.0911427010843493	0.00226591086696476	-0.0484744591848592	-0.00560783702231983	-0.0654486816947019	0.0580489545468697	-0.0496676568950404	0.0351803688325308	-0.0265403226294331	0.132709658632968	0.0933426826032785	0.149939442381069	-0.0479567946023026	0.0238432653347567	0.0505203760335215	-0.0380935427908198	-0.00132220320312796	0.0266652922586809	-0.0938213476371609	0.103225384289683	-0.0207189511948008	-0.0838862260789082	0.00521809255886407	-0.117808619507435	0.0286227365193548	-0.006191990119841	0.0146800582795941	0.0619969119071005	-0.0504288015078865	-0.058113658173677	-0.069749862812619	-0.042867569551142	0.0160723603762274	0.0879690599418095	-0.0269287606795782	0.0579273276644653	0.080741176487279	-0.0688183023848662	-0.0561819059195673	-0.0105640606384893	-0.0638924144117741	-0.0224129897878543	-0.026667365045482	-0.0231042906741484	0.0621679263280051	-0.0301367404003501	0.0125471204684125	0.0856503422118537	-0.0198582297495911	-0.062774665850162	-0.122517820505948	-0.084219317251612	-0.0747967115590788	0.0564085289602056	-0.0716632570957937	-0.00973721081616941	-0.0493881284612148	-0.00439289812656999	0.0263575031508749	-0.0232232518110808	-0.057640720144061	0.0156985672425169	-0.0997146193026349	-0.11272382925265	-0.110806097818122	-0.0666285519064783	0.0767732479335116	-0.0868850966090551	0.0480461630875418	0.033807389284827	-0.0181012754797375	-0.0474868837354978	0.0610075490282621	-0.0464450223577788	0.0369432689216837	-0.113512751301373	-0.0133088491015337	-0.0785535639031108	0.0212715774701931	-0.0827500086991521	-0.0535066327571181	-0.07468767461111	0.0637442663322709	0.0780211719678079	-0.0292273303436571	-0.0146750277511303	-0.0987588643298669	-0.13819444307379	-0.00609099321928854	0.0332044898869199	0.00371615874550314	0.0543099014281425	-0.096482715270138
-0.0544008872760121	0.0282568186574814	-0.0229072761069736	0.00880379100837353	0.00984900716888557	-0.0494637760046311	-0.0285515313228879	-0.00405151778519927	0.0170007979638824	0.0169851680769721	-0.0228888688476443	0.00132912308058465	0.00465951834867623	-0.0612841138760575	0.0701729301334309	-0.0209020867774998	0.0811608018359018	0.0508427917365214	0.0164246808732489	-0.0338928263849293	0.113390500057413	-0.0707168754143702	0.0498718150548592	-0.0614180059163496	0.0680124814626734	0.022431631221873	-0.018374667836107	0.0960095338437873	-0.0658435269770691	0.0791724969914015	0.0460053442272508	1	-0.0446537817867898	-0.000659173438044391	0.0544144308226649	-0.0054444604483962	0.0209346841741069	-0.0288270018432196	0.080305860099137	-0.00215390769149031	0.049279074330845	0.0884045921971633	-0.0396981188233626	0.000442645018583242	0.059474400994253	0.0689633496275294	-0.0101703032541066	-0.0698193080558196	0.025544582791029	-0.021041402136443	-0.0597067716832216	0.0130065354657767	0.00095878231799869	-0.0797042811982003	-0.0716144767817665	-0.0974423984435478	0.0232444273518333	0.00573750896392413	0.0387956737246309	-0.00416657162543595	-0.0685676198647782	-0.0452549893466812	-0.0493044670055115	-0.0654792342987144	0.0631040092002835	-0.0541530822568005	0.116881111350969	-0.0836586050747729	-0.0232518630569814	0.070581842702956	-0.0729108470558221	0.00337108368887784	-0.100553941873655	0.0111824585116933	0.0751023526257556	0.0145685389546786	0.0585242080398531	-0.0216156614243613	-0.112094316471527	0.0372394282681022	-0.00127135536510105	-0.0166385883956218	-0.114419278037396	0.0558876825508765	0.0554283180133271	-0.139233285009268	0.0036680023995607	-0.0500249169147874	-0.106006156851929	0.056421710363842	0.0450031347141255	0.00512149182490985	0.0610358561600968	-0.0471826901542621	0.0327390272574953	0.00457060242804887	0.0400471524349814	-0.107110179877798	-0.0163063674166788	-0.060177023930046	0.0161357806918083	0.0204080667641785	-0.02991077551088	0.00972700556187747	-0.0561859827257792	0.0535096407792807	0.0879440237556151	0.0138799602206236	-0.0409173404928846	-0.0140808306521508	-0.0578550258291427	0.192852098397121	-0.115278768711652	-0.0800744951947071	0.00807908916487816	0.0525713051926636	0.00850574419390141	0.024250676916444	-0.0147435205928369	0.0727493658262495	0.0354397631291136	0.0623220635513721	-0.00408799047302043	0.0227459837855568	-0.0282878182796083	0.00212517442678036	0.00739360849508655	0.0495338858007971
0.00968216200657201	-0.17490355500322	0.0321105059568318	-0.0834036586530274	-0.0240662797297101	-0.0876697094245841	-0.136540735079188	0.056942963442396	0.112802155937791	-0.0632245991255507	0.0553524085234794	0.00150694823458077	-0.043731965372135	0.0421215841029723	-0.00492809570310972	0.0836001732690093	0.0692953833505465	0.0679618760805614	0.19929096893892	0.0600428722683324	0.0558721038514489	0.0522053454154655	0.00241002668578432	0.0369029377599159	0.0353358323189249	-0.0302851309152769	0.0212048552761308	-0.00746873105355467	0.0932388164700085	-0.0677874919564691	-0.00871668578334154	-0.0446537817867898	1	0.0528186103313398	-0.057417623373697	-0.06333926918462	0.0056536144615437	0.133072290118708	0.0148648518746034	0.0160800987478786	-0.0186396814298348	0.217970390484709	-0.20254729151851	0.0673235725746819	0.0855011732017466	0.0748752800081173	-0.144805303205304	0.0732887876461556	0.0484114019437393	0.0973491183670586	-0.0755092811259881	0.0224680148749903	0.00295304057661243	0.00455036923483446	0.0580021181107077	-0.0890968290580896	-0.0412434843042479	0.0642666417711626	0.0586814769686892	0.00721347363726669	-0.055140813295522	0.106297039160645	-0.117221216097918	-0.0248076831621162	0.0347172808758657	0.079294294872509	0.00971471936937009	0.0391241646271834	0.012649445991426	0.0362883036585605	0.0467482966666683	0.0665306915827228	-0.0514913046982862	0.102919408476455	0.0990969027581704	0.172888153308107	-0.00736599346614004	-0.0226338451902655	-0.0269088052762201	0.0399219046650819	0.0506954509749723	0.0654656452690279	0.00285073073783431	-0.00830004965644941	-0.000321631510877402	0.0376276349127969	-0.143136766350615	0.0529005745536887	0.0622010787694311	0.129477097444612	-0.097335726712933	-0.0345776022113425	-0.0192920234855972	0.0750442862606795	0.0585639224171703	0.0104274564575988	-0.0615133239093103	0.0695427035339284	0.106401902502269	-0.0611291818217522	0.0149897355611391	-0.0189398837719678	0.0534865450723435	0.0325529514495447	-0.123982834602681	0.0851071304658717	0.0715227567766564	-0.0703775404032171	0.0793395359285806	-0.241872998535589	-0.01854332760861	0.190969553476351	0.0372150308779591	-0.0700267917213139	-0.165771431017918	0.070055732867326	-0.00563096736931279	-0.00791605132903281	-0.0536117171938044	-0.0104541985810625	-0.0131669851237464	0.0262809997856383	0.109530009591522	0.0482371232728808	-0.0178214446123851	0.0413731034674653	-0.0192018659508821	-0.0899344796973552
0.0507182359427622	0.0418822301284248	0.000341638775835808	-0.0149309133769221	-0.0171474980073378	-0.0184134908775184	0.0118432599064703	0.0430930293301751	-0.0655572136437263	0.0487552357430601	0.0232881283156462	-0.0272960659423678	-0.00964205295392659	0.0405526478947287	-0.0715279378577549	-0.0694612078649373	-0.0565600602611793	-0.0209358283020037	0.0137874243893	0.0145974479943154	0.0173063683567738	-0.0461226355835708	-0.0127721133804693	0.0141000775281536	0.0445629696638807	0.121846819443967	-0.0468515450683517	0.0645417648058744	0.122247245413402	-0.0548756838362193	-0.0226457070174014	-0.000659173438044391	0.0528186103313398	1	-0.0186872304439326	-0.105135336989744	-0.0605347895683143	0.00612138302711363	-0.0664751406475141	0.0506244792648702	0.010147360404307	0.00412562831036146	-0.0380932391841414	0.0200958264778479	-0.0632294083905589	0.0336282104554063	-0.0502933590733951	0.0272875976047678	-0.00707249025497542	0.0506726709629442	0.0627149305640201	-0.0886381713704346	0.00545641424423178	0.0421913920954388	0.02884838962758	0.0679066795689601	-0.0155063866967989	0.0263930299168411	0.0910700025734883	0.00791675034824803	-0.0779133416699446	-0.0275423178981089	-0.133290023718093	0.0367298130980443	-0.0559649655369555	0.05732379777745	0.110444793992411	-0.0347915719272518	0.0249708343467628	-0.00158418326055986	0.0239373661683434	-0.0215564526979095	0.0245157776464442	-0.0296136670025695	0.0123493621898969	0.085614315134637	-0.0523877825169734	0.023164965687597	0.0689606637557105	0.029393473994207	0.064128613488375	0.0836852144331105	0.0525282390182306	-0.0252468456228283	0.040346698307449	0.108039913381969	-0.0480352126951637	0.0201957869658431	-0.0307575870295866	0.106597832237942	-0.105591492964947	-0.0118568939439565	0.0459093168880137	-0.0571506229518346	-0.0154752895252235	0.0587092623158631	-0.0512239479656312	0.031020181664913	0.04587791271452	0.0240359424936621	0.0566062556093874	-0.0278426906412354	0.039337886091743	0.0187843347149262	-0.0249512865970855	0.051550844985975	0.0532276732010554	-0.0716072211221465	0.0861191404265444	-0.0103941247646791	0.0103081144767035	-0.0336412856031904	0.053377088351284	-0.0702220479891905	-0.0534476170399171	0.010012952355895	0.019983355722565	-0.10880509517588	-0.0482464848064286	0.0597266016032992	-0.0189523837865117	0.00195310538304905	0.086631060131238	0.094315741366342	-0.00890193529797471	0.00718451670085425	0.0157134526662103	0.0126657922176001
0.00562520936779059	0.0249497230113396	0.0970692475802087	-0.0840309691508811	0.0290962452648716	-0.0336021978045064	-0.103230462214114	-0.0543792296818971	-0.103694625398806	0.015977013474947	0.032219320229117	-0.0525664014670221	0.00798421138574165	0.0508828283265732	0.0221481551869674	0.0436764724886559	-0.0123584016316378	0.0449483778872053	0.0438037528650519	-0.113776901618038	-0.0242700196325867	-0.0434971615477019	0.0591028513840024	0.158250501419589	-0.0898423996976781	0.0729949747564625	0.0554427303342511	-0.0632293711245965	0.0325355232362165	0.0739785994625299	0.0286166024697333	0.0544144308226649	-0.057417623373697	-0.0186872304439326	1	-0.00944257277783347	-0.0966119548689363	-0.0195375337682159	0.0101953802737897	-0.0335862984467879	0.0852152787535817	-0.161446254226185	0.0879342406181288	0.0700880203169589	-0.128934593107074	-0.0464348465534808	-0.0293582713869986	-0.0150983541426729	-0.000385904687827029	-0.0915035124503216	0.0841325997350681	0.0888925921663551	-0.063915731650758	0.016323734087208	0.038439495759949	0.0138267902063393	-0.00409946422241085	-0.0432810738615898	0.014744424648443	-0.042207711696645	0.0872046451790032	-0.0158252836796861	0.00305077060614608	-0.0322639666219854	-0.0553713059893306	-0.0561745301571272	0.143891559521164	-0.11138120453932	-0.122960590150269	-0.0423378774674178	0.0623112900967431	0.0110089491367111	-0.194917360237369	-0.0678023293756624	0.0362448899908925	-0.148602085812937	-0.0534329284633673	0.0246933873666153	-0.117573495048701	-0.0831829581956633	0.0828557258956659	0.0709631651478741	0.00390939997875829	-0.012937577916882	-0.00338271930027246	0.0644254657423893	0.00185803613222709	0.0399053736984781	0.00109008093748407	-0.0102064820910185	0.0219733926230682	0.0454368579903382	0.154432249055825	-0.046300574899943	-0.0430848894887774	-0.121430720694943	0.0334605890044731	0.0434803816996652	0.0337463930550559	-0.0509597123875919	-0.135093887048872	-0.000146240313273755	0.0523370348675013	0.158065945643843	-0.0354650517522326	0.101678273151109	0.0684339818502458	-0.0400189823396716	0.0547311320730776	0.0165819206314733	-0.0444932007325108	0.0662009132058247	-0.198467430996083	0.00431125010930964	0.000936400903773514	0.0812347925941499	-0.0495715300879185	-0.110735630492241	0.0038987201920251	0.0166475289927595	0.130186447029437	-0.00936883134075231	-0.0694600649354691	0.0121170861767633	-0.0161523245307426	0.0253516420370606	0.0697536902486036	-0.0751913211767358
0.0343142422282788	-0.0468412058411602	0.06612443603273	-0.0904921984803342	0.0489482235149828	0.0569361224845914	0.101392799781157	0.121206368918861	0.0672458386458231	0.152680443561218	0.0211007816611514	0.00333725751935628	-0.150498452671114	-0.00615059234309087	0.0663005505041569	-0.028750034286123	-0.0151118304617914	-0.0293849100927598	-0.0455951126226333	-0.0890728894921275	-0.0514406225186158	0.081769640545422	0.0250175215155362	-0.28514094452117	-0.144818889524317	-0.0843228319533044	-0.0724539651930488	-0.0158662796020068	-0.0138786994296631	0.0220238775385897	0.0911427010843493	-0.0054444604483962	-0.06333926918462	-0.105135336989744	-0.00944257277783347	1	-0.0598679729551906	-0.0248131694218688	0.1118493200626	-0.0146646771839062	-0.0159899262719424	0.131316039559869	0.0893174671570454	0.0592864825165635	0.115891023518175	0.0332072467418469	-0.0711175762388876	-0.10374665123548	-0.0445328543988454	0.093744554714438	-0.0345756970051074	0.0559946717834812	0.142528714663776	-0.141671467268548	0.132068964781642	0.0642846287104831	-0.0396434968392216	-0.0709964008534	-0.167515973335635	-0.0494092684939381	0.14851791814709	0.0474888316680815	0.0442247075929618	0.077101536116318	0.000833374888669052	-0.0934268747285664	-0.127777924815022	0.130325399664151	-0.0169305350867268	0.0393920689212251	0.0596958646852066	0.0444973374870627	0.00878978294822499	0.113149695388101	-0.00407050793340418	0.115542463026988	0.00975044893483514	-0.041119437668141	-0.123945997000511	-0.13123988334652	-0.12531099467074	-0.0652088338678668	0.0333463731224705	0.0792566718310884	0.0457771004837312	-0.153474113300434	0.030341674407569	-0.0653147346621182	-0.0502634484318255	-0.0539445267093154	0.00538705519681092	-0.0852672817711236	-0.176031120573963	0.0331284006599698	0.0444831533293649	0.0313515261713197	0.117018223580535	-0.050780091074038	0.035876270307496	0.0132678024761642	-0.106622824933966	-0.00383217703545465	-0.135565076518103	0.0269105127558508	0.0491196121994054	0.0451598699290458	-0.0259699941626452	0.147038359899463	0.0608051490649679	0.0572452557301865	0.00232767137547638	0.027842868684182	0.153231499668478	-0.012429670384821	0.0223004922691687	-0.024461526964908	-0.0139148761571647	0.123223304715965	0.0140413223884346	-0.127582404693655	0.0120738038177701	0.0598348070212608	-0.157394656631956	0.00791029517854499	0.0412805543570981	0.0209513602266644	0.0507473991241289	-0.0352949568017503
-0.0140068638588259	0.0773165011001123	-0.121642442143673	-0.00857340364242218	0.0778577357951417	0.0568817565781579	-0.0558249632162642	-0.00554900286948625	0.119229514277642	-0.137093218929571	0.00239840050934135	-0.0191916556009738	0.0784035285332312	0.0896612808896643	-0.0489830889156807	0.0185074700468	-0.0315284761173272	0.097483342115815	0.028903589894879	-0.0311707885129238	-0.0390131334778341	0.0949348577965852	0.0526983376741797	0.0675311504249719	0.179990716734967	-0.0522831940537448	-0.019509209202526	-0.0487543421954455	-0.0351933993518276	0.0274297028273304	0.00226591086696476	0.0209346841741069	0.0056536144615437	-0.0605347895683143	-0.0966119548689363	-0.0598679729551906	1	-0.0306898356902429	-0.0666297410582628	0.00990930380114416	0.0148357967184362	0.0548983247274329	0.0443073784171671	0.0418535213700742	-0.173112736979334	-0.0604198280395017	-0.0249727437853242	0.0770665974088658	-0.122724935416913	-0.0880802583023958	-0.0227256394761988	-0.0276605175055146	-0.000745339079192403	0.0237018661833623	-0.0467801968465826	-0.0619172945932514	-0.0427326063151717	-0.0832678117217669	0.0965634208767817	-0.0256583072320823	-0.0451696298537894	0.0189028211857318	0.117216315218457	-0.0571891017487402	0.103603782445702	0.00808928174805035	-0.0315136604821259	0.0716271223006154	-0.120141160654655	0.0892203642286467	0.0162734107634702	-0.0834724112412808	-0.100509998355286	0.0101271279779011	-0.0219277844378352	-0.154477787709084	-0.0121753953775962	0.0449622788771487	0.0760873702923296	0.0180375529395483	-0.0378066899519525	0.0824855952652086	0.0384133187384637	-0.11332463249929	0.0153968383717057	-0.0266674361054346	0.0661607739588196	-0.0588307288240672	-0.106229260587971	-0.149484789067228	-0.0355431414889121	-0.034045943375813	-0.126228965363142	0.0223193485617934	0.0297409844493594	0.159240325139847	-0.0692853087726219	-0.0414318104009965	-0.0904634099324137	0.0409596850534043	0.0615221790796341	-0.00475456800794387	0.0155586711220729	0.0182492816067061	-0.0410003941853492	-0.0645775030491337	-0.0215711028376218	0.0754147036433144	-0.0541246290173659	-0.00820705246484023	-0.0647136574282645	0.110437975167835	0.0760823272271444	-0.0229930613400234	-0.0791630523081616	-0.0169685943667525	0.0227378648775388	-0.149726645079895	-0.0912874846826475	0.00267357434246103	-0.00942559103432597	0.0899182231288932	0.0290437735948142	-0.00428887184091353	-0.0515000616919126	0.0607312788927152	-0.0699839446130082	0.0718811497167813
-0.0217654918383051	-0.0494257101267771	-0.013765570852497	-0.103892604772923	0.0508561665626835	-0.0452537855077618	-0.023323541937506	0.000952550398478642	0.0349284587271797	0.0733767402142359	0.00732175511805279	0.00763463276157035	0.0493047943483043	0.0381442086212034	-0.00731378500127165	-0.00934027259247754	0.00394954439623283	-0.0750541486958266	0.088080602354026	0.0724926796589687	-0.0175319740021026	0.0581882515704896	-0.0499332194062932	-0.00574206787597277	0.0389937997807079	0.0209452268495438	0.0583502985489623	0.00584343888740746	0.0173138821493377	-0.0452511976909802	-0.0484744591848592	-0.0288270018432196	0.133072290118708	0.00612138302711363	-0.0195375337682159	-0.0248131694218688	-0.0306898356902429	1	-0.0269164930505439	-0.0345184036312321	0.0399408442382036	0.0658540233651449	-0.152811125262077	-0.0196318408681003	0.0736348010509697	-0.0552521556651045	-0.149757342307386	0.0111250654822137	0.00324119745470965	-0.0405620996729079	-0.0455771901727152	0.120646468831635	-0.0194797966611372	-0.0695885243574002	-0.0148440414750363	0.0139777752218925	-0.0649679130878027	0.0630728170218061	-0.0861600254788691	0.0678211568673711	0.0282756308668236	0.00402069263645529	-0.0479196269887523	-0.0180279379353369	-0.065140976050345	0.0314289137436033	0.060018641690065	0.0718305784358451	-0.0129989882849034	-0.00183581758367532	0.0677683845433139	-0.0120038288410952	-0.0628546313032244	0.0770197895541853	0.0298696669140093	0.0608555311904058	0.0292093568194642	0.0151868100488401	-0.0854838920453727	-0.00175558246299201	0.0014425145578368	-0.0222688748528535	-0.0235075663725891	-0.0251911095401854	-0.000864743484506892	-0.0563437017639181	-0.0104945458331579	0.0475655391912562	-0.0860484590829956	0.041187828241806	-0.0399354175514013	0.0399739696378657	0.00264056077479204	-0.0217101117167871	0.0737005897618692	-0.0434527806173309	0.0287150762162888	0.0472546313622841	0.0796864134103825	-0.032539659372564	-0.034358384475682	-0.0716500886258722	0.0833390824237054	-0.0277801027339425	-0.0708708948631455	0.0325676893387606	0.0245667854916544	-0.0566270251302246	0.126125167312794	-0.0365371762770565	-0.000609964111201378	0.0113299713875159	-0.0342120631048562	0.0484661682007128	-0.064530012619463	0.0388545467996708	-0.112239629502461	0.00762656244364805	-0.0304003726698792	0.0162223342173199	-0.0573356772612728	0.00948547215769033	0.149176586597337	0.00854021465710395	0.0318782188064689	0.010548020897638	0.0314927334995911	0.00131002238350812
-0.00583816789314837	-0.0233214956650057	0.202756948076361	0.0261839462389293	-0.0182308303283672	-0.028668996168276	-0.0827446303206668	0.0170725928510788	-0.0486439793825339	0.13593728796711	-0.00107132571002558	-0.00498562065756102	-0.0795982240996713	0.0273014856217099	0.0938870187238535	-0.0316964640965462	-0.0232514532092104	0.0101346688340792	0.124930405961907	-0.0396617857462833	-0.00664591549880894	-0.0294684730017312	0.131640346266967	0.00737479462549058	0.0266474151759948	-0.0284994598132834	-0.0283957106736425	0.0463556281201558	-0.0224921983106006	-0.0549004656030369	-0.00560783702231983	0.080305860099137	0.0148648518746034	-0.0664751406475141	0.0101953802737897	0.1118493200626	-0.0666297410582628	-0.0269164930505439	1	0.125646921538194	0.0441372173570858	0.072000328285145	-0.0200163720527087	0.0697264625727126	0.0341835529844685	-0.0133193812644774	-0.14756746627674	-0.023710283421626	-0.0487609940692877	0.059008433777814	0.0459817294075929	-0.0573218738133435	0.0697625174985738	-0.0259213246366298	0.0522074285374542	-0.0347989684642278	-0.0308995687900749	-0.0594040919704525	-0.0818690577589977	-0.0292680160069807	0.127888444754533	0.012422309862937	-0.067278823402752	0.123442663924212	0.0874667075621949	-0.0237859960008949	-0.0588383769448641	0.0115726950212173	-0.000440735057797202	-0.013693875088316	0.0698037981659246	0.0117084535443925	-0.0250199587945119	-0.0553121187597807	0.0972459443292724	-0.00790033100304964	-0.0407241632871778	0.0282038997404265	-0.00672196894971184	0.0230929383848203	-0.0224859059551829	-0.0818158921796035	-0.0543866832401144	0.13292748569553	0.0217870121556389	-0.09907168928899	-0.0243992103923038	-0.00406942826084997	-0.0463393445861748	-0.00912105204953263	-0.044164768324258	0.0625813493715631	0.0390339292895211	-0.0425526586210076	0.039768323297712	-0.0130868312362021	-0.00344304392945136	-0.0390127737905425	0.0815823083585521	-0.134710525949451	-0.0946729148519609	0.0164746387134592	0.0114623856360745	-0.0116733233781655	-0.122464263837413	0.0518870283667621	0.0994945535610672	0.00141188090415305	0.0326892791380799	-0.0532472930677089	-0.0233443871605367	0.0385745199374155	-0.0483321250525324	-0.0889430178260636	0.0023418450545347	0.0346377478450367	-0.0450328049460819	0.0703713733947622	-0.125693598932661	0.0260232303457017	0.00938724013362238	-0.00780456905959067	-0.0334495669856997	0.0882761684991815	-0.00656166142509553	-0.00931047817000421	0.0586519523569866	-0.11744117476244
-0.0242730540545275	0.0795787575537537	0.0581243963426656	-0.0604447394720669	0.0118902087655637	-0.0157179361662218	-0.0959017824092443	-0.0740445456670181	0.00861356693599965	-0.0209258443872219	0.166459491231717	0.00680548300801239	-0.120132227258755	-0.000702528954185029	-0.0670026138474386	0.0961390107815322	-0.0375924094930394	-0.0189280506560422	0.115760716974342	0.074970880868082	0.00630931672592689	-0.0347661619416505	0.00903080112749302	0.197097336175524	0.0504590584497474	-0.0321790531288152	-0.111143016666891	0.0683082063098843	-0.029691316979469	-0.0492913476620718	-0.0654486816947019	-0.00215390769149031	0.0160800987478786	0.0506244792648702	-0.0335862984467879	-0.0146646771839062	0.00990930380114416	-0.0345184036312321	0.125646921538194	1	0.0313189386488307	0.023398689575749	-0.0653401723778906	0.0737689104649485	0.0194158807865411	-0.0147667149855308	-0.0863226786647891	0.0311886825497356	0.00223921344269221	-0.0710440423841327	0.0455804203756924	-0.0630317402884613	-0.0615018566824505	-0.0503904446070801	-0.000368094507582117	-0.0537233510059004	0.0252445270117522	0.0480468742054032	0.0890116346124251	-0.0352149628501453	-0.115347069714808	-0.0424522761990873	0.00442166882784818	0.054364361826755	-0.0606380075177452	0.00012243624853676	0.0472043751770404	-0.01402979431138	-0.0313764572937425	0.046837866560337	-0.0878911344719574	-0.0467755094911258	0.175852431983301	-0.0669437782763119	0.126177893751958	0.132915312817218	-0.0872152027960848	0.082045243093119	0.230746587636546	0.0238409021718191	-0.00412925120467443	0.0825997445039361	-0.123880497448262	0.120130751399762	0.0616151345286331	0.0676397754368945	-0.148112544322687	0.0679885508748755	0.029639374591247	0.17441918423279	-0.0681246537930298	0.136868351889334	0.0751321687101973	-0.0949785939596824	0.00645435612597975	0.0658177569252065	-0.17114294156306	0.0246617531458961	0.00852084691013236	-0.0119952593364224	0.0211707374744121	-0.123639342881543	0.119573076760689	-0.157626010453369	-0.0685090969030931	0.0231306548065774	0.15233784280579	-0.0363578812453205	-0.0481044137060317	-0.0692614951400986	-0.0799856541197002	-0.0257111253007129	-0.0251431350410379	-0.0930675189375961	0.0648418752286073	-0.00378541999745668	0.0260886156054789	-0.0717608307027272	-0.00609841572972899	0.155792480537931	-0.106214619404843	-0.0836930166565869	0.0396779766917234	-0.132114108119123	-0.215219010299796	-0.00726597522523927	-0.102661275591776	-0.17830760551031
-0.0747881943228849	0.0170544275717018	0.114301784004509	-0.0980452028912487	0.00417639527204028	-0.130534836828061	-0.0473731201301371	-0.0851544002478331	0.0776373758144091	0.0151185444379294	-0.0826874629047911	0.101043779779887	-0.139952353180957	0.0287629071728859	-0.0184456247352168	0.0354118442012913	0.0868078941787544	0.0431932788957991	0.0847610141296942	-0.116095496499667	0.0920119460270545	-0.0194454142937061	0.0855794400415541	0.180159667054082	0.117714997401494	0.0848124904574208	-0.0387094525720104	-0.0052997527601812	-0.0938371152511684	0.0333507009483776	0.0580489545468697	0.049279074330845	-0.0186396814298348	0.010147360404307	0.0852152787535817	-0.0159899262719424	0.0148357967184362	0.0399408442382036	0.0441372173570858	0.0313189386488307	1	-0.0254976694430625	-0.0452208216068224	0.0851404712028348	-0.0334778066466664	-0.0783635677745694	-0.0433933423752031	0.113018409896302	-0.0714223157628598	0.0250609260538915	-0.040255973860461	0.0378975019709876	-0.0626516961100566	-0.053161761499925	0.0579969389892935	-0.025257531748428	-0.0342755563834507	0.0734570134452604	0.0596627621972113	0.0298427371554732	0.0747844809477229	0.0111524080715623	0.00512479202314263	-0.113025986234387	0.0627459761107836	-0.0794007221264979	0.107993023629279	-0.0549223524120948	-0.0777209393910414	-0.00478196985459983	-0.00325120479909363	-0.0207682748274189	-0.0130609273874387	-0.0488482019092461	0.0294973883917777	0.0625058056647577	0.0174432181767834	0.0217242856258027	0.0141645962504473	0.014523792269579	0.092159885417093	-0.00150088475440867	-0.0350805271240622	0.0475921305666096	0.0293909484804416	-0.0832968380722016	-0.0888193025745969	-0.0962962134358659	-0.12131782139307	0.067970105688574	-0.0238355080569574	0.0233726591103063	0.081190854130542	0.0156054244876051	-0.096230124934845	-0.160689605754594	0.142772180944506	-0.0486518716295137	-0.0268980675002593	-0.132737877320488	-0.0619665495412352	0.0374988296176866	0.0945375553527462	-0.0461771244158233	-0.0418123710033186	0.0257875875242545	0.00451380792551801	-0.015049866111882	0.0542011772900344	0.110040174919586	-0.0136088266705552	0.0144162450196795	-0.213120255541428	-0.066919585744314	-0.0582525523774206	0.0418867758083656	-0.0088987751402353	-0.0198179707136718	0.147970355151554	0.0956060208475248	0.0569474466156226	-0.169185739633473	0.0549281120259486	0.0539232803713715	0.00748263502196648	0.0192674804639669	-0.0257970696148546	0.00077516376514608
-0.0417074010847073	-0.11720508366368	-0.058713522838946	-0.110328990931388	0.0478812887497434	0.0502153739488861	-0.0663204611738262	0.0468717112748903	0.0314194723111797	0.0481685558842364	0.093137497150344	-0.0343500377079279	0.0162343678966602	0.0366806243434809	-0.0278398090640331	0.0290414373187847	0.043940871623293	0.0190291966209552	-0.0470268730691827	0.0477568996736597	0.0833555795784534	0.0112534887703477	0.0515174474848556	-0.243719415156515	-0.00585496391506467	-0.106988495639912	-0.0036388399211569	0.0638460893575127	-0.0281389618021663	0.0177140442764109	-0.0496676568950404	0.0884045921971633	0.217970390484709	0.00412562831036146	-0.161446254226185	0.131316039559869	0.0548983247274329	0.0658540233651449	0.072000328285145	0.023398689575749	-0.0254976694430625	1	-0.191704885072171	0.0880379838377026	0.151036022240165	0.0118849753879106	-0.104140001320394	0.0370230875912931	0.0281124661298186	0.0532332025372947	-0.0699548955226776	0.054751811421621	0.0773153070184957	-0.0298065827874672	0.0321850244390893	-0.110419114869502	-0.0579778693065837	0.0671226376105409	0.0262717580327056	0.0327434550370768	-0.0402842966617224	-0.0054816754139932	-0.100139439207124	0.0590633364397583	0.0542397974263497	0.0678229642646616	-0.00940328471988609	0.0412906158018755	0.161421114882733	0.0388989916827503	-0.089128887641017	-0.00464107996595305	0.0545837824745487	0.109955131670977	0.0616446165183517	0.197445190829696	0.0210986841852299	-0.00476614309390668	-0.0956335321517533	0.0181317179529592	0.0137716131064606	0.0477641280906978	-0.141961618335029	0.0613819645842136	0.0478180816117093	-0.0757943895270149	-0.0620424366205101	-0.0283065769163443	-0.0122334768835353	0.0703947873178139	-0.0392574064415279	-0.0202038494148544	-0.182981739477307	0.0452158323556123	0.0647243107500282	0.0972274061928245	-0.16927083574077	0.0146495519534457	0.0526852670623925	-0.0430003908016996	-0.0534336314019528	0.0375643393813882	0.00700205118549225	-0.0111675546179581	-0.13303237787124	0.0278351204200943	0.110099423531732	0.135514400178164	0.0666355223617682	-0.131284410617916	0.0230005369257793	0.119756901611185	0.116571281918562	-0.134557764214375	-0.0702951940760633	-0.130152304573503	-0.00881322054900596	0.0969022046669033	0.0720513839608769	-0.0470335904783594	-0.00334244463824582	0.0839125942956927	0.0507361857415095	-0.035922189859464	-0.00621183597324532	0.0435129147539786	-0.129025759838583	-1.49969987377589e-06
-0.0337332181742138	0.108575257383162	-0.00016335616697482	0.0833147734641221	-0.0467715802971262	0.073305958977188	0.0804755149325604	-0.0637399683165807	0.0068961138757068	0.0393977585725112	-0.0947913078143163	-0.0491671171867884	-0.0872686978438332	0.0228558755389409	0.0352734858352664	-0.00425286609189527	-0.093846437185765	0.0450968843596232	-0.132895010384785	-0.059920826347597	-0.0714276902793751	0.0997719748412354	0.0120090837338222	-0.0701779408967616	0.0141886566644527	0.000377170246755212	-0.0101671681095255	0.0124685585375886	-0.0420718594521547	0.108000925662445	0.0351803688325308	-0.0396981188233626	-0.20254729151851	-0.0380932391841414	0.0879342406181288	0.0893174671570454	0.0443073784171671	-0.152811125262077	-0.0200163720527087	-0.0653401723778906	-0.0452208216068224	-0.191704885072171	1	0.0662158944870604	-0.112914314404327	-0.0836132585915026	0.0925912512161814	-0.0324578665556865	-0.00574492754483588	0.01176959800487	0.0687695155659492	-0.053684706246462	-0.0256970040933622	0.0563864207072493	-0.0211298773232297	0.0712942099904345	0.135697155933966	-0.163451182054048	-0.112343649811214	-0.0192332649453885	0.0597955493925738	0.0301508240285919	-0.0304137089733973	0.127211605872128	0.00866867769508575	-0.041790014499516	-0.00225535460270504	0.0176163577039238	-0.0622940080838539	-0.019156917948551	0.0228408964749401	-0.0116490781309056	-0.0267284553904901	-0.112542421505294	0.0258480963278894	-0.16926610042288	-0.0795935621987213	0.0072203738043567	-0.0211550324277143	-0.0565401746471971	0.0387304910071518	0.0335768274818224	0.0998994714545451	-0.0304956219396972	-0.0050941615936279	-0.0409268157484391	0.0539698435254846	0.0168852170182357	-0.00848986941336368	-0.187262549693018	0.0806359401655763	-0.0517346980865903	-0.0398406188007379	-0.0280190236890464	-0.0228099692412107	-0.0352837440794566	0.0174535500935375	-0.00945042627769398	-0.0668699775076412	0.0537964746664101	-0.0230692764739626	0.0842294900313754	-0.11878622217661	0.060264369927162	0.0374062850475022	0.0126282708025269	0.00464011404518726	-0.00505418771033912	-0.0641112142294006	0.0611685731414988	-0.0409817434230823	-0.0947085974357885	0.0469795610354424	0.0712079451864562	0.0917289194287665	0.124410246198696	-0.0650292779851017	-0.0286343317908205	-0.0904747102315166	-0.0319808384743871	-0.00306900055113006	0.0597176639040753	-0.17108417628768	0.0238897702726766	0.0601352213072932	0.00719150761330379	0.104883986315065	0.0676544142477876
-0.0384057364170497	0.0129437826418407	0.0934837644918657	-0.111080074500096	0.0364532258109696	-0.0302150410135978	-0.0587164724053646	-0.0253109560924793	0.015969480894177	0.110546231969837	0.0282194975733691	-0.000783155062557898	-0.0312755352987659	0.00671997283006063	0.0845540150348399	0.0584911908625255	-0.050801476886336	-0.0236276360811192	0.101007863243916	-0.0636658105136271	0.00834462028963277	-0.00541876591467355	0.156566728818312	-0.00185141113154973	0.0162358671050924	-0.00417546213990127	0.0391464349037107	0.105777064205269	0.025954038401351	-0.0132550057079878	-0.0265403226294331	0.000442645018583242	0.0673235725746819	0.0200958264778479	0.0700880203169589	0.0592864825165635	0.0418535213700742	-0.0196318408681003	0.0697264625727126	0.0737689104649485	0.0851404712028348	0.0880379838377026	0.0662158944870604	1	-0.0397136372083453	-0.00597941503518227	-0.171577872941176	0.0348191988301007	0.0117234318833631	-0.00297522661556191	0.0791137967033979	0.0105557197550543	0.000135445997727502	-0.0536060732979811	0.0202746555943092	-0.0141844442776278	-0.000935718580390595	0.0246043987974783	0.025486940469305	-0.0396500882508793	0.0848433990879282	0.0341483946841928	-0.171090682873163	0.0608280566010087	0.00645219094046862	-0.129566142474609	-0.015704572822796	0.0643493213477572	-0.0104509028841094	0.00101511921345878	-0.00452151872390223	-0.151246407832976	0.00188081341131424	-0.135612802372814	0.0982949208789447	-0.0041245125703522	0.0336391194887718	-0.00668247464489713	-0.0621500405775982	-0.0510631625351873	0.0992740192210968	-0.0045823366451602	-0.0247806203123413	0.0866460887069149	-0.0112540664524558	0.00087040446033076	-0.150370491103398	0.0608133272924059	0.0341075413690671	0.0309101870774886	-0.0300824076775648	0.0623137455503837	-0.0479014176355595	-0.129018157187716	0.00255813662519202	0.00702281873142926	-0.0079493748895654	0.0512455494123131	0.0658664033245763	-0.0472640067324077	-0.0405326536168177	0.0415321136033644	-0.0221441242402987	0.0117154926506362	-0.0807982551952636	0.0666986589351049	0.0653962780845886	0.0156457560301994	0.072731476471899	-0.108956985824816	-0.0158031265327051	-0.0149658397278005	0.0447810374718335	-0.147948345813971	-0.0853451016516082	0.0430732875303159	0.0362804508881419	-0.064137129214512	0.00778333699117884	-0.0345663595059683	0.0423226244850141	0.0665901399096635	0.00655989172761914	0.0854911168544459	0.0458790064653816	0.0193633227137602	-0.0368569013745318	-0.0631559601355865
-0.0769699890998916	-0.152384290722503	0.00603251468849066	-0.0455922755258626	-0.0484763892349452	-0.0442712574947314	0.0322737338140261	0.0563297437521329	-0.0494471428128065	0.0534553716602813	-0.0912195322528214	0.103986276589682	-0.072159331112622	0.0197870395098305	0.0175109473807849	0.0323791974500417	0.143370395485075	-0.0591990175193483	0.00533888693406345	-0.0568001042583397	0.0362400008529123	-0.059089653727705	0.00849804125549951	-0.139020282731467	-0.0786676222755413	0.0952430680168569	-0.0969017282196694	-0.021309168404922	-0.118631528115783	0.0365758697633175	0.132709658632968	0.059474400994253	0.0855011732017466	-0.0632294083905589	-0.128934593107074	0.115891023518175	-0.173112736979334	0.0736348010509697	0.0341835529844685	0.0194158807865411	-0.0334778066466664	0.151036022240165	-0.112914314404327	-0.0397136372083453	1	0.143150381887932	-0.0563019898015815	-0.128152862770163	0.037127590515352	0.124924815542956	-0.00146585143209291	-0.0533813530649266	-0.0141863696628345	-0.0987211393870425	0.0740642349861819	0.0583251682929536	-0.129069348524797	0.141319874581728	-0.0655516066723383	0.0533775712701329	0.0554140368066108	-0.0402330098206368	-0.0125442960563529	0.0943566160312936	0.0164487393617811	0.00936549283295809	-0.0646882695614705	-0.0198744989593173	0.0486035694329139	0.0282000200433124	-0.0189298323111532	0.0700760745893426	0.0744288505162703	-0.0530719536681248	0.100933579110974	0.100922052451148	-0.0218292719334623	-0.0499806168507603	-0.0307171243271495	0.0448457508826015	-0.0468578880861861	0.0209153334984541	-0.032188677646759	0.130014084641512	-0.0112352448821223	-0.10623782337023	-0.0942129499688308	-0.0702200853480133	-0.015676056199703	0.0911896184164912	-0.0668265123324215	-0.0523830007803614	-0.0112134904862696	0.0360074712266871	0.0587906566899897	-0.0264943871885255	0.0385525931017404	0.00981542661598341	-0.026736013855347	0.0567707611190199	-0.0663547246129066	0.0144311538696337	0.0275067379083292	-0.0851010989456999	0.0169848920660874	0.0572272658279499	0.0179603467665391	0.0993493095795532	0.0531927809703419	0.0251831825603047	0.0566253889498216	-0.0852013407601917	-0.0264167926891657	-0.058907269654356	-0.162570878397671	-0.0590480418587496	-0.0743430166716751	0.199169949191167	0.0424860198952999	-0.0458444003390848	0.0372578389898611	-0.0015030550275154	-0.0501139590771205	0.046899446294204	0.128068383390633	-0.00758517873034609	0.0442463417198198	-0.0219768891543463
0.0761652882661854	-0.0781569410038061	-0.0305775252760464	0.0713701665199272	-0.101619561860579	-0.0646766477015395	-0.0815796102644289	0.0678366185637116	-0.0955667162588552	0.120745353742877	0.0236819205896044	0.0438052491362773	0.0051159597672838	-0.0468279501405224	0.0408748743691436	-0.011440658704534	0.101730673993268	0.133406905151991	0.115402465160379	-0.0247490850364186	0.122760460471898	-0.0257331665618818	0.0232413979717713	-0.0842564807882783	0.0321028380922833	0.0779340621859732	-0.0678445371805468	0.0400664976164505	0.0575915184290352	0.111445180118923	0.0933426826032785	0.0689633496275294	0.0748752800081173	0.0336282104554063	-0.0464348465534808	0.0332072467418469	-0.0604198280395017	-0.0552521556651045	-0.0133193812644774	-0.0147667149855308	-0.0783635677745694	0.0118849753879106	-0.0836132585915026	-0.00597941503518227	0.143150381887932	1	0.0237186507519376	-0.0263666597703102	0.109209638544277	0.0902631056310741	-0.0628566440557404	-0.0380958551574323	0.0215339526150114	-0.0481704006250195	-0.0220145849236293	0.045857511251854	0.0173374083309415	0.0780122728625821	-0.0186193146979842	0.0425899672286289	0.00343686251540724	-0.0328554521109684	-0.00976283404252234	-0.0462489354715095	-0.00800266466174222	0.0679950760361138	-0.0268562915178534	0.114444263469466	0.0296792496481449	0.0652149418273489	0.0812508113339927	0.188278377164005	0.0192648182245953	-0.0248783616757126	-0.0276089735123194	-0.0404938571608825	0.0274208420234325	0.0109319726233507	-0.0645444428914605	-0.0568259935733561	-0.0235649178405261	0.0314519626773375	-0.0323113654142452	0.0539145150795885	0.0283016393400309	-0.108199421095276	-0.0190699810186371	-0.0182555731787792	0.065381236638197	0.105437657865814	-0.108620721053079	-0.0974512634568023	-0.00244917594178191	0.0242696119966369	-0.0792892342834822	0.025722321876557	-0.0332986325130571	-0.0244087392446371	-0.0161299617901333	0.0801749284530471	-0.0171421801891918	0.0348754891640404	-0.0816269509196606	0.00957227906360502	0.0763230745066153	0.0965332060691926	-0.0848614175337103	0.0753095194075572	0.0600497309432163	0.0159296997171436	-0.040718072113195	0.0357391752419286	0.130480315111214	-0.0183982183681297	-0.0884996206410984	-0.0150682978208916	-0.0145351353824131	0.130413263434407	-0.109216036433025	-0.171658326580814	0.0767206754476256	0.0667135284031652	-0.03964936319421	0.0398055814826946	0.0984388733833324	-0.034631648077313	0.0942368715232529	0.0902373875416449
0.080597232184903	0.142975618331429	-0.088596195965915	0.200560479126838	-0.0786364815394062	0.137368513191613	0.11646964109912	-0.085183899124903	-0.127989640035358	-0.162173921769527	-0.0350781569505903	0.059451769952523	0.0759808219256713	-0.0216593345805282	0.0389956206980444	0.0801474235429966	-0.0680905872108679	0.0842716326069661	-0.136056080076261	-0.0444727492613451	-0.118483719701375	-0.0031783414827062	-0.0909539809040217	-0.024157309277008	0.0029215106778685	0.00219074750377565	0.0164689456806892	-0.0547835550250515	0.0324667966611114	0.159408470287422	0.149939442381069	-0.0101703032541066	-0.144805303205304	-0.0502933590733951	-0.0293582713869986	-0.0711175762388876	-0.0249727437853242	-0.149757342307386	-0.14756746627674	-0.0863226786647891	-0.0433933423752031	-0.104140001320394	0.0925912512161814	-0.171577872941176	-0.0563019898015815	0.0237186507519376	1	0.0177876275294795	0.0379631038355181	0.0388924907024696	-0.0951187928409626	0.0315170275357197	0.0177624485242132	-0.0360317018382478	0.0366778930442848	0.066388852025066	-0.0132755181340709	-0.08289623434088	-0.0766316218770988	-0.0208810929330068	-0.17088432541341	0.00110695261053698	0.079329848027746	0.0279807252694166	-0.0109394547407623	-0.0524747518105207	0.00571267423963008	-0.0467216706737885	0.0798599881165874	0.0908046386934898	-0.0509730316204488	0.0924596971624897	0.048319838672819	-0.0578151671034112	-0.0554919231189998	-0.11231173167399	0.0240131580563606	-0.0159628970184638	0.0495528150698203	0.00822204731879811	-0.0215409192740326	-0.027218472218957	0.0609224676188562	-0.123043954897847	-0.0476728552680596	0.11918110368402	0.0209674249746124	-0.0776612904841556	0.0489400418247065	-0.0768523969565615	0.0270679086545196	-0.050277918115882	0.0367021929697899	-0.0554794307745542	-0.0821030370157764	-0.0157621603081385	-0.0361237540492257	-0.0599663134337697	-0.0590474990581944	-0.0072859463024394	0.021329277526213	0.111944645949819	-0.0130219886115023	0.0840157119519548	0.149172190095074	-0.0659419446754261	-0.115289854552649	-0.0106238100041414	-0.111764001174137	0.089057338880464	-0.0478823406841002	-0.0877831138774574	0.0138384682845372	0.118954505861174	0.124748652540719	-0.0116057237225251	0.0747511399852913	-0.0204137182722808	-0.0335113247445808	-0.0214267853654467	-0.00734490648225102	0.0206608044313975	-0.116505378239535	-0.0485953767214649	0.0357925941111033	0.00243701765665874	-0.0491725917553264	0.0449455605812633
-0.10249891836135	-0.041448489477363	0.0285056875428445	-0.0506671180943939	0.0709954182103848	-0.0758692570130008	-0.124458378894978	-0.156932495342598	0.123897462168113	-0.149786868947013	0.0153284914414412	-0.049261399001109	0.114818578096078	0.108196126212661	-0.0360014963569095	-0.0884503790162081	0.0265842834442906	-0.0753438695405202	-0.0393590878596992	-0.0530609355557811	0.0758622053606374	0.0931388405743997	0.010934081764856	0.17960739010555	0.000425696893457207	-0.074199671570325	-0.0243840985088486	-0.136118336771339	0.0196657642255165	-0.0622540044063826	-0.0479567946023026	-0.0698193080558196	0.0732887876461556	0.0272875976047678	-0.0150983541426729	-0.10374665123548	0.0770665974088658	0.0111250654822137	-0.023710283421626	0.0311886825497356	0.113018409896302	0.0370230875912931	-0.0324578665556865	0.0348191988301007	-0.128152862770163	-0.0263666597703102	0.0177876275294795	1	-0.0871591667444614	-0.08895621706805	0.000752044985096361	0.0213969513700986	-0.0339483990107323	0.126539732966857	0.0572041030319923	-0.110930291867814	-0.0406059636004907	0.0850168818706062	0.181088976353616	0.00176507569539751	-0.00820116877806316	-0.0658137226322586	0.0682538710310287	-0.104143444727535	-0.0543793371628005	0.109791165208001	-0.00906343021785365	-0.0427921895969865	0.0275251185883989	0.00935558411991195	-0.111840449799507	-0.0380709185222298	-0.0736276564732027	-0.00944760532889278	-0.015536178133036	0.0588450506547895	0.0339127823544729	-0.00551104421542922	0.0827391358681662	0.0816569995069698	-0.0270401623813083	0.0129001367304174	0.0602083522342154	-0.0493036025359165	-0.0835191290707601	0.0475565990540135	-0.0374285651629877	0.0790615204031812	0.0363526080249671	0.0357386716104534	0.0367863896370264	0.106573588091522	0.0981945952157516	0.0309074376997626	-0.0918556860818494	-0.0237823644234128	-0.092042200919571	0.0574734077562966	-0.0267999965030925	-0.0696893952302934	0.0023776105410409	-0.0202751888649608	0.0413824074862672	-0.0167909230654536	0.0310772923454431	-0.054240731131731	0.0805855978110518	-0.0145938139282906	0.00568194372704461	-0.109614690851458	-0.00403290053772024	0.104900643054223	-0.129807662215747	0.0860447873222888	-0.0431341210757727	-0.157227375855952	0.0442082278889106	-0.0583751288905595	0.165954335111469	0.127505547104123	-0.00286820666138573	-0.106826979045868	0.0604339536395297	0.00809668080038442	-0.110760286389246	0.00253731179342965	-0.0691182016152129	-0.0664914510909878
0.0273385305761181	-0.0799944009339168	0.064607225688461	-0.00474412237826936	-0.11939933791379	-0.0151606960011055	0.059372293999202	0.0908532481632841	0.0182069001161499	0.0541011286607608	0.0743903646311078	0.0608208803410773	0.00331964621109429	0.0621015183775258	-0.0223357260060712	0.00559229484194137	0.0348381448364274	0.00832378803502816	-0.0151109096527034	0.174961160514691	-0.0552126625938452	-0.0595199793494429	0.0109196518463882	-0.085210915588055	-0.0118945006185182	0.0391048350119115	-0.0532068000563921	0.100959528126748	-0.00554308455231528	-0.0748508030204805	0.0238432653347567	0.025544582791029	0.0484114019437393	-0.00707249025497542	-0.000385904687827029	-0.0445328543988454	-0.122724935416913	0.00324119745470965	-0.0487609940692877	0.00223921344269221	-0.0714223157628598	0.0281124661298186	-0.00574492754483588	0.0117234318833631	0.037127590515352	0.109209638544277	0.0379631038355181	-0.0871591667444614	1	0.0541903040652908	-0.0267798590173146	-0.0904521123327929	-0.0729755820376552	-0.0349744248973874	0.042838552657335	-0.00616767533611848	-0.0499378545975202	0.103036937119716	-0.023493574913744	-0.0086162408490002	-0.0284336543947645	0.0632348296597539	-0.0784648253068492	0.0861409403675049	-0.0611135937916534	0.04974502550867	0.0811574886410582	-0.0425122869388186	0.064119952301294	-0.00454447934793999	0.0119250741173246	-0.0122516833208243	0.0866729810607166	-0.0766748166987079	0.0367495475723984	-0.0365467510874776	0.0240578723331886	0.0488061007893239	-0.1174746497017	0.0515959616480141	0.0926451743335876	-0.0508211704373869	-0.0494392624650398	0.107625378461622	-0.0384488503287807	-0.066033102802239	-0.0916319625488543	-0.0189618163578227	0.0310579225024581	0.0905804302129096	-0.0801189152972577	0.0270575213121129	-0.0247773098565729	-0.0286768204534054	-0.0164728697875355	0.010836439676598	-0.0505305907464438	-0.0405029292050392	0.0803281142326806	0.0157011568014372	-0.0433832174971258	-0.0914373668431464	-0.018573070727753	-0.0168045439416848	0.0141920971909371	0.0174355510544953	-0.0127160521716124	-0.0556190695123741	0.0854468544251445	-0.00912920868216232	-0.0258271404312274	0.0136125318246463	-0.0458914794629768	-0.0280145028818042	-0.00623265257147852	0.0156276139840465	0.0378582513277189	0.0108534081886302	0.0014920268820792	-0.0345418588405977	-0.021513787466354	0.0440691575816686	0.000625385781285352	0.0383254733880141	0.0827460719015756	0.00368854065844625	-0.080089074452997	-0.00937987125812679
-0.0790638683005955	-0.127882878763974	0.0276120324397248	0.00840095573922177	-0.149604241513706	-0.0268633372978354	0.152883401266494	0.131449261500976	0.00943139626429941	0.0274877599677812	-0.0124201353692099	0.0678173422629658	0.00455534107621586	-0.0481770873179002	0.129841599333051	-0.0244389370633888	0.0424539751370926	-0.0281352746316032	-0.0498270263791297	-0.0343217895571462	-0.0442727602327475	-0.0468188011653321	0.0877991087499795	-0.166506400034306	0.117338659314551	0.0381511337322212	-0.131095665913429	-0.00165797538251428	-0.0391929728711871	-0.107189055821911	0.0505203760335215	-0.021041402136443	0.0973491183670586	0.0506726709629442	-0.0915035124503216	0.093744554714438	-0.0880802583023958	-0.0405620996729079	0.059008433777814	-0.0710440423841327	0.0250609260538915	0.0532332025372947	0.01176959800487	-0.00297522661556191	0.124924815542956	0.0902631056310741	0.0388924907024696	-0.08895621706805	0.0541903040652908	1	0.0237668178829059	-0.084274774724264	0.148726972958692	-0.0656141328921909	0.117007105831059	0.118651019329252	0.00244958611473584	0.113134939945121	-0.08479977495618	-0.0968777792038076	0.121851420718789	0.117001632690409	0.0176510188917024	0.0904405882951656	0.109356899802187	0.0224166049489735	-0.144330192266538	-0.0135887233492054	-0.0311279504049098	0.00740589252500772	0.0854183360316238	0.0737172362186073	-0.126030271378496	0.0345436228450662	0.0162883547558819	0.0451346929581052	-0.0521512356483913	-0.00189207551904768	-0.0972859042675718	0.00275173782441605	0.0102050641962704	-0.0504219705703166	0.096089333489814	0.0960913377666269	-0.0778377478664711	0.000268018278477839	-0.00581486637388596	-0.0752504098084843	0.00191423140749554	0.0586085395326102	-0.055133444216691	0.0276071853897333	-0.0136682852048219	0.0610124238504705	0.143254257429342	0.0209269904659234	0.0243772949415582	0.029288825095066	0.0939762842372345	-0.0599608855084016	-0.0983279256636891	0.114382617559446	-0.116039272253745	0.174951795030624	-0.00239288894478011	0.0508323164382574	0.0121782030867471	0.0879390590545436	0.108996738127901	-0.00886975178077024	0.0534796277947729	0.035892107615115	0.0283858024527407	-0.00634280075707569	-0.112594962418873	-0.0817420649232366	0.0268112038333769	0.125107263799534	0.0319717917444858	-0.14790100204791	0.0536013893819519	0.0990694738851673	-0.046239597384559	0.110444276426956	0.066432421873496	-0.0767268394532518	0.0659489767527324	-0.0288778613202158
-0.0608863205952702	0.0133044641073333	0.0230050103157531	-0.0718765728057071	0.0480935690623092	0.0123233818215451	0.0440618485751532	-0.0389467043831941	-0.0989465042449073	-0.00620132489001972	-0.0852853198468913	-0.0758997151156327	-0.0150332159813846	-0.0437016575400513	0.0214620966946046	0.000384787921075826	-0.0753053902667236	-0.0195409743824104	0.018374683610863	0.022786539108938	0.0374855792250069	-0.0148842818744495	0.0225630910447076	-0.0232795000777752	-0.027315128610028	-0.069783029217653	-0.0382574724850403	0.0421991843384876	-0.044070233118769	-0.0274335760146659	-0.0380935427908198	-0.0597067716832216	-0.0755092811259881	0.0627149305640201	0.0841325997350681	-0.0345756970051074	-0.0227256394761988	-0.0455771901727152	0.0459817294075929	0.0455804203756924	-0.040255973860461	-0.0699548955226776	0.0687695155659492	0.0791137967033979	-0.00146585143209291	-0.0628566440557404	-0.0951187928409626	0.000752044985096361	-0.0267798590173146	0.0237668178829059	1	-0.0169535683889858	-0.0502976483169276	0.050769618219556	0.00350484394060155	0.0142891656349442	0.0731669699352171	0.103534043411633	0.012492925220747	0.00694436320965039	0.162308173351428	-0.0615851575974455	-0.00792004811958803	0.00489337452425062	-0.0400962031841799	-0.0529676714400062	-0.0752600863598832	-0.0168217320189592	0.00140131890008066	0.0027198756940702	-0.0106156041707833	-0.0824395579220797	0.0202096270380883	-0.0794877511021097	0.00367902805949993	-0.0606490739727478	-0.0437375633834622	0.0366887680268811	-0.0273884918119199	0.0219490031154287	0.0511507456147421	-0.0205369749252414	0.0177699409068059	0.105764204921277	-0.0245052364438701	0.0212660168471572	0.115419470927759	0.0455199009715497	0.0423362397375288	0.0171075850468247	0.0504455867717303	0.0084226925767463	0.0518013636587892	0.030932456741152	-0.020752390448094	-0.0204901690818682	-0.00156128499037674	0.0593111194034866	0.128689436932023	0.0138227381017727	-0.0271522519060626	-0.0118282779473687	-0.0631712059700153	-0.0515546758340208	0.10940602535209	-0.0126641273346472	0.0420170947893942	-0.00696609488478703	0.057732342422284	-0.072074997985141	0.0210895800085393	-0.038282379430098	-0.0461598350370063	-0.02441458122348	0.0717832464636639	0.00642400941342288	-0.0792443896430732	-0.0358437851545308	0.00189612053480146	-0.0179884604773472	0.110475361874947	0.0662511096936017	-0.0506718331418758	0.0496732694801642	-0.013592448600192	0.022082126954931	0.014383162820003	-0.0978883576157718
-0.0632489457625775	-0.0261723640506673	-0.0246102147643124	-0.00656507975861667	0.035246156943186	0.0118488172239412	-0.0565943378377672	-0.0377060119917905	-0.0103532000950872	-0.0353393898239497	0.0362023945423294	-0.065472426555326	0.0964594519631888	-0.00976445992298833	0.0684357902295975	0.0118832849371738	0.0512453103539877	0.0303933545563395	0.0409611059263695	-0.00644469176356291	0.0298479397641937	0.0169061707602043	-0.0519215300715048	-0.0796395296282342	-0.0259868068993208	-0.0302570369910887	0.099141712704678	-0.136972138417837	0.0629774330253731	0.0937788179242613	-0.00132220320312796	0.0130065354657767	0.0224680148749903	-0.0886381713704346	0.0888925921663551	0.0559946717834812	-0.0276605175055146	0.120646468831635	-0.0573218738133435	-0.0630317402884613	0.0378975019709876	0.054751811421621	-0.053684706246462	0.0105557197550543	-0.0533813530649266	-0.0380958551574323	0.0315170275357197	0.0213969513700986	-0.0904521123327929	-0.084274774724264	-0.0169535683889858	1	-0.00264772542936645	-0.0376320611740168	-0.0929563823551175	-0.036233268283048	-0.030646833071583	0.0379348385864084	-0.0767411095694909	0.08773751201512	0.0754393320279356	-0.0215972804939557	0.0322003168218247	-0.11022222571189	-0.0490992836139558	0.078096574688312	-0.025225737469608	-0.0310648235467962	0.0450427375629127	-0.00540731197383843	-0.0640149433592589	0.00337681910692924	-0.0971334064833837	0.109174237254683	0.00151737638700324	0.0562006027659859	0.0706170329304055	-0.0858376153645412	-0.138564870310524	-0.0464525996525057	-0.103412864100816	0.0583104482480661	-0.160301739317959	-0.0777309617879626	-0.0478538862172476	0.0602817647914193	0.0493373535911183	0.0201416164979621	0.0166829955424492	-0.00187796499331301	0.140201234081084	0.0300300647827318	-0.0295050418511358	-0.0603058212921987	0.0313006268750649	-0.0422095110191926	0.0335142027034977	-0.0187064585275258	0.0139762851218559	0.0222139345850956	-0.171395154797024	0.00899218815358179	0.0418150922381919	0.077663339545742	0.0821777704953672	-0.033018517592935	-0.0808437928905758	0.0380587006147217	-0.0242080663074774	-0.0630970407439275	-0.0825193158094876	0.0369826341306398	-0.0802400109581571	0.0900488904372852	0.0308985982370546	0.0321062328480111	0.00471964835985556	-0.0487473925327906	0.0906470661056297	-0.0323569471843045	0.111392869258687	-0.0453992434444376	-0.00994867764483762	-0.0602157404285036	0.0337794275983207	0.00710063420340222	-0.0516195519449492	-0.0179816996627701
0.0784167853635615	0.00979754044679004	-0.0581207741517585	0.0816215969552268	-0.0454687232316205	0.038120366138965	-0.0134433895262236	0.0451244037780854	-0.0258633363979193	0.10958115153678	0.0239126259385003	-0.0717325126352598	0.106607917007297	-0.0650519153345824	-0.0267716944612985	-0.0224959474429698	-0.118739221733259	-0.0622512010679333	-0.0924825323951588	-0.110566977505058	0.0164113601398175	0.0427077205464471	0.124323107024252	-0.0532055012317172	-0.0208573640604084	-0.0813378334615263	-0.00475330446029279	-0.000172595777185573	0.022219088833403	0.00571567083557457	0.0266652922586809	0.00095878231799869	0.00295304057661243	0.00545641424423178	-0.063915731650758	0.142528714663776	-0.000745339079192403	-0.0194797966611372	0.0697625174985738	-0.0615018566824505	-0.0626516961100566	0.0773153070184957	-0.0256970040933622	0.000135445997727502	-0.0141863696628345	0.0215339526150114	0.0177624485242132	-0.0339483990107323	-0.0729755820376552	0.148726972958692	-0.0502976483169276	-0.00264772542936645	1	0.00535035683392376	0.0255344927409202	-0.00142538616489184	-0.0368426239784435	-0.207332515260635	0.00238818234679853	-0.114733295215322	-0.0550997788514094	0.0883291726071531	0.122228345703652	0.0428011133095169	-0.0316567391279465	-0.0181265956732255	-0.0889424961527788	0.0514895177074099	-0.058010585039267	0.0319474844163029	0.0475521547485474	0.0666135984069368	0.0148674795642428	0.0741764903398801	-0.0343405304360139	0.0605282311664054	0.0444674767844967	-0.069611913447284	0.0445532352863262	-0.0797220830897558	-0.0702746277407204	0.0310719011584394	0.117614804092134	-0.0273161562324856	-0.022764785375634	0.118324142942198	-0.0470322987702486	-0.0103459923813276	-0.0792187817595208	-0.0738542411083032	0.0612501351715867	-0.050144559653582	-0.0755050878978005	0.0356140240936351	-0.0162800666918259	0.143946299433963	0.0672009408396124	-0.0334734150367673	-0.0919033199116902	0.0136249458875353	0.036734080364984	0.0437399256837552	-0.0404366412250868	0.106307265460219	0.00882321028962347	-0.0872291019493704	-0.0100434272605085	0.103439538659302	-0.0340641552979219	0.0615546675213017	0.0314241685058505	-0.0407579076014938	0.12746635379878	-0.0944320132306765	-0.125943435412183	-0.140595503887768	0.0144496343222441	-0.0274109852543123	-0.00259518896228791	-0.127336596402379	-0.00804508046818587	0.118424315163267	-0.0735640287255291	-0.073975122984356	0.0123217023593735	-0.0699933956866189	0.0542849724468682	0.0440094129412899
0.0226677462666144	-0.0061472681547703	-0.0813822378844562	-0.0252518406459573	-0.019094639526348	0.0018401306847818	-0.0291312713123125	-0.0470311418889779	0.0245689781113991	-0.0054501925049348	0.0423657119842365	-0.104788633924879	0.0574374155984732	-0.0151985022327851	-0.0310809204708209	-0.00471577928044468	-0.0856603276787839	-0.036518095255164	-0.0282192363011902	-0.0851525621330487	-0.0132152843341439	0.0028089560813626	0.0601014702478729	0.117177857744679	0.0307143840893456	0.0199985294941511	-0.00451222744981438	-0.0862224866076889	0.0359410951373577	-0.0651804506831269	-0.0938213476371609	-0.0797042811982003	0.00455036923483446	0.0421913920954388	0.016323734087208	-0.141671467268548	0.0237018661833623	-0.0695885243574002	-0.0259213246366298	-0.0503904446070801	-0.053161761499925	-0.0298065827874672	0.0563864207072493	-0.0536060732979811	-0.0987211393870425	-0.0481704006250195	-0.0360317018382478	0.126539732966857	-0.0349744248973874	-0.0656141328921909	0.050769618219556	-0.0376320611740168	0.00535035683392376	1	-0.05685577831657	-0.00119240285747068	0.0283485947440884	-0.0402825006034596	0.0980846524501869	0.0499297118433708	-0.0818229860763944	0.0415114692970053	0.013389634566109	-0.0107265540649523	-0.0679007617662255	0.117944806460165	0.0398206284913146	-0.0578744919037373	0.0239716732122765	-0.00211600748156355	-0.00314207236626851	-0.0856915877322214	0.0645257896432731	-0.0316792707434354	-0.036265375681285	0.00336173886807412	0.0622924075962053	-0.0412461987830011	0.0817715214570947	-0.00833482208322089	0.0812029727455258	-0.116844646576157	0.0196292738252087	-0.120896098804289	-0.0975286953382824	0.0706832795101186	0.0157979789803647	0.025295920642883	-0.0288045585553407	0.0219975106410308	0.0767666052883101	0.121414286367108	0.0314133532263936	0.00686756937247083	-0.054638228393277	-0.00595357365841062	-0.145210050809764	0.00510982999705625	0.0115675229150903	-0.0136300990020874	-0.0116904000248094	0.0273946299922248	0.0704622892470359	0.000698742389161592	0.0240865892436176	-0.0547334126247004	-0.0519674675095129	-0.0131074173760903	0.0294596867820424	0.0725745784827932	0.00855990992997085	-0.108581528538335	-0.0720389356055292	0.0114621670506141	-0.0208013372088151	-0.020896247622302	0.049907863809262	-0.123795283136848	0.0587651996123693	0.122433945215866	-0.0364305150089019	-0.0633313854723056	0.0424756358924516	0.0119982289858465	-0.0628403845269441	-0.0391450424511733	0.133414730864726	0.0709487810787759
-0.0224058654814822	-0.0383894459729245	0.0662899564734712	-0.0029681430016812	-0.0244378119468906	0.00512842759905388	0.0652768432323875	0.036069795064788	0.0117763417203867	-0.0165762002751321	-0.0217848859702535	0.0215673327208036	-0.0169937992804726	0.0587142594596506	-0.0167896510891375	-0.0168094388289227	-0.0649209373192143	-0.00965384040207401	-0.0172248992694649	-0.0748033875514011	-0.0510780118056668	-0.0223662148750998	0.00663667576567572	-0.0336955105859665	-0.0326628536229751	-0.0394624519089724	-0.0339475356132575	-0.032041237910129	0.0620390828715678	-0.0428336387292985	0.103225384289683	-0.0716144767817665	0.0580021181107077	0.02884838962758	0.038439495759949	0.132068964781642	-0.0467801968465826	-0.0148440414750363	0.0522074285374542	-0.000368094507582117	0.0579969389892935	0.0321850244390893	-0.0211298773232297	0.0202746555943092	0.0740642349861819	-0.0220145849236293	0.0366778930442848	0.0572041030319923	0.042838552657335	0.117007105831059	0.00350484394060155	-0.0929563823551175	0.0255344927409202	-0.05685577831657	1	0.0429851876571635	0.00778101998775165	0.0885946206060301	0.0382848376507644	-0.106271936936458	0.0250185137610603	0.132442025845719	0.0321742860181486	0.0851612798827346	-0.03313901785515	-0.0692250004785366	-0.0607570180523558	0.0130781672750095	-0.0247113354690764	0.0561841821196968	0.0318542793666042	-0.0848095110809627	-0.00114747740388209	0.0400501909568829	0.0991571729441439	0.0303862601515128	-0.0957993951541486	0.0105924678883317	0.0140310147726099	0.0586872175222526	0.00144111498406153	0.0466678866833019	0.0938087895002709	-0.0235121968730177	0.0282567908506383	-0.00272552321681648	-0.118149794649598	-0.048283568984988	-0.0550303277622216	-0.0783593701750941	-0.0364496667062061	0.0522227812437318	0.0321881310612774	0.023579973091614	0.0501824712466833	-0.0264707872359964	-0.00958719868369958	0.082941137094998	-0.00153893229156167	-0.122915267234805	-0.00341626143487093	0.0553525575581826	-0.0384251809269283	0.0486034017112822	-0.0662856626562145	0.0212671124104066	0.00756925955522126	0.00701504584421555	0.0112903460836541	0.0238905714244248	0.0572402180325774	0.0361373578723939	0.0665321652564285	-0.117429255198548	-0.0626163045377655	-0.0157451438600942	-0.0806039937513026	-0.0126325082924289	0.101972680954084	-0.0225086726744803	-0.0203402852649805	-0.0391045368400079	-0.0371757872698879	0.0131655092320284	-0.0293452370902367	0.0495875821977431	-0.0503727130312055	-0.0605737673589307
0.0249977549734368	-0.0506906740554366	-0.121596011620229	0.057436684925806	-0.0773132583959485	0.0270762779216919	0.0933701691623707	0.15354468783367	-0.00285470239477905	0.00112371740266134	-0.0647290828437776	-0.0126157384138429	-0.0354503917829499	-0.0159720500797737	-0.0194055076889685	-0.0107584895199901	0.000610357569013777	0.00806370346325976	-0.113009888986241	-0.0235614788924551	-0.0485292918054892	0.059275833624761	-0.0156143391190628	-0.171291124111838	0.0196722320547602	0.0336416189344766	-0.0147652005757829	-0.0138532324576996	-0.0103082462590406	-0.0711035196644189	-0.0207189511948008	-0.0974423984435478	-0.0890968290580896	0.0679066795689601	0.0138267902063393	0.0642846287104831	-0.0619172945932514	0.0139777752218925	-0.0347989684642278	-0.0537233510059004	-0.025257531748428	-0.110419114869502	0.0712942099904345	-0.0141844442776278	0.0583251682929536	0.045857511251854	0.066388852025066	-0.110930291867814	-0.00616767533611848	0.118651019329252	0.0142891656349442	-0.036233268283048	-0.00142538616489184	-0.00119240285747068	0.0429851876571635	1	0.0682993649091982	0.0634636760288291	-0.0205008808732389	-0.0409458980414935	0.163089152483547	0.0438403437324681	0.0837113078429882	0.119301175865019	0.0596099389704054	-0.00427130588603401	-0.0795491846484149	0.0430361358479342	-0.0288729961712062	-0.0320491030474819	0.0918260791483012	-0.0173232854242723	-0.0306824929413915	0.0195015129464913	0.0167682319883322	-0.0319750870460549	-0.109399862018562	0.0492771229505663	-0.0327579777704542	-0.0131914618331004	-0.0564408855858254	0.0457562203072936	0.0505062973009486	-0.0123991645651188	-0.0932946406016996	-0.049421522268002	0.078585440217035	0.0751472754837548	-0.033288323410204	-0.00581114069077905	0.0299370574318051	-0.0328414256585726	-0.00716116773882906	0.00160354463388755	0.084812001609828	0.0607676764205432	0.0783812760303359	-0.00233759357826795	0.024075098301523	0.047515054880592	-0.0567233201983157	-0.00245905278245576	-0.0988306292244414	0.0911228879434904	0.0498556218989924	-0.0263098519911094	-0.0488842923008408	0.0471824878621867	0.00272616284049161	0.0147456129087423	0.0352853387720856	-0.0382909587049919	0.0793954336425809	0.0152780121804951	0.0210119625198457	-0.0643083830783999	0.0183970362233608	0.118236046246359	0.0211215298906657	-0.0954837677893827	0.0681017258264055	0.0676164342226211	-0.146798857691574	0.0958356162284612	0.0446725763913255	-0.0817863161989823	0.0733479308686222	0.0800177794609758
-0.0988002156228613	0.0481936383574608	0.000366546279595446	0.057735228711758	-0.0172396131843895	0.0295657349931318	-0.0331579222984002	-0.0606657736090042	0.0234027358235357	0.000243482796080538	-0.0168624728417635	-0.0678632129880233	-0.0332638274045715	-0.0680350128293603	0.0333563364171473	-0.000794054600827147	-0.0388334049432583	0.00772524448467771	0.00710759078623317	-0.00578257078199818	-0.0414008300602761	0.0653266991809392	0.00465775430255152	0.0344961794938776	0.03746985916875	-0.0564095068036477	0.00286848698237168	-0.0237404324614888	0.0191757343089402	0.0431100247963627	-0.0838862260789082	0.0232444273518333	-0.0412434843042479	-0.0155063866967989	-0.00409946422241085	-0.0396434968392216	-0.0427326063151717	-0.0649679130878027	-0.0308995687900749	0.0252445270117522	-0.0342755563834507	-0.0579778693065837	0.135697155933966	-0.000935718580390595	-0.129069348524797	0.0173374083309415	-0.0132755181340709	-0.0406059636004907	-0.0499378545975202	0.00244958611473584	0.0731669699352171	-0.030646833071583	-0.0368426239784435	0.0283485947440884	0.00778101998775165	0.0682993649091982	1	-0.0539958418163913	0.038886667953674	-0.0753919590076081	-0.00064908605309196	-0.0321354643988668	0.00681140319958208	0.0628107679467131	-0.016610527712396	0.0481429723040073	0.0169160304741069	0.00695823135086554	-0.0222782507841756	0.00604055667021911	0.0694536131108086	-0.00865657796425785	0.012252649972917	-0.0788628209017108	-0.0324663427769307	-0.0296002143390761	-0.0593992366558754	-0.00101252718535196	0.0499633607976076	0.014502054457836	0.055199500105633	0.0140722523336779	0.00980227748708363	-0.0261805863828912	-0.0240566967598995	0.024174555134822	0.0930778122055527	0.03576664393122	0.00403497066416361	-0.0580074681183186	0.030526021179417	0.0334422168262513	-0.0506037204935664	0.01813923023242	0.00383052705945369	0.00106358576643257	0.00722899890909019	-0.036076477933272	0.0202603021662732	0.00241192930877502	-0.0265047999129185	-0.0330206711813856	0.00702284632661903	-0.0211006359796175	-0.066396967604644	-0.077585952603271	0.0542881671562571	-0.0431107837832478	0.0625801120735639	0.0462904555105554	0.0506433776253637	-0.0189262020396324	0.0101343194686173	-0.053067646376914	0.159181661060266	0.0578935976138002	0.0478056169597446	0.00654763278734055	-0.0208315363420089	0.0550831570386546	-0.0308260307070655	0.0527070276792889	-0.00550150713102839	-0.00319856153398258	0.0259653804931037	-0.0353032446186324	-0.0233647276849758	0.0281057436226287
-0.0502314834665738	-0.101514964812727	0.042083665078548	-0.091250484375372	0.0199654908567212	-0.170659180501591	-0.0123848982481704	0.0870091359107525	-0.0670087795085565	-0.0113378339555252	0.0183549928025639	-0.00211254662676552	-0.0734640813129832	0.0487025337971026	-0.0269694536539517	-0.018121934249013	0.149622190476255	-0.13536297420836	0.0703151265865371	0.0190503025378689	0.0797575856182149	-0.0315209614727536	-0.0284252327550261	-0.0213586852614469	0.0230609858415305	0.10344858124194	0.0208510858227404	-0.0643273013639855	-0.0517641467863487	-0.055549667850122	0.00521809255886407	0.00573750896392413	0.0642666417711626	0.0263930299168411	-0.0432810738615898	-0.0709964008534	-0.0832678117217669	0.0630728170218061	-0.0594040919704525	0.0480468742054032	0.0734570134452604	0.0671226376105409	-0.163451182054048	0.0246043987974783	0.141319874581728	0.0780122728625821	-0.08289623434088	0.0850168818706062	0.103036937119716	0.113134939945121	0.103534043411633	0.0379348385864084	-0.207332515260635	-0.0402825006034596	0.0885946206060301	0.0634636760288291	-0.0539958418163913	1	0.0770177333492619	0.0560565319179954	0.182382064438261	-0.0186978717919712	-0.0210165439865233	-0.000111810059263495	0.0493265052119457	0.0506540283572405	0.030934728884333	0.0198214050329305	0.0786960826470882	-0.00201215717913621	-0.082558408861092	-0.0858107645996903	0.0234030875467835	-0.00305889289131765	0.0743457165936038	0.0635735990339368	0.0568232968120999	0.040507663893495	-0.073407794364878	-0.0218060399455553	-0.0292980195970829	-0.0470754776483573	-0.0625494974738716	0.155160836539962	-0.0400677687416516	-0.076824964894893	0.0111226553880917	0.00847327576973027	-0.0114041937323546	0.157574201021439	-0.0483062432910889	0.00881448524758245	0.0287448963484862	-0.0888251599362239	0.0696793443766174	-0.00918310170508947	0.00477415069312538	0.13933401203313	0.100049610505474	-0.0054496979130396	-0.118377026279586	-0.0819739054058785	0.102115759705389	-0.0702006443034358	0.0293650856412493	0.0865020645494334	0.0141554324100134	0.0772487169878678	0.139359066607898	0.0115996201751231	0.138897823664179	-0.0198912826102189	-0.104949050352475	-0.055508999686454	-0.0499142953694438	0.00930354498480706	0.0650801884118816	0.127331338601396	0.102462769969876	-0.0391754488466844	0.0997222661540488	-0.0837143662885087	-0.0260116712955392	0.0642874066240781	0.081534548512142	0.0308590513194042	-0.117745521749591	-0.00509269280048068
0.0213200611187028	0.0146981175754043	-0.0926113713019126	0.0223752811162259	0.101733830261719	0.0262143706596916	-0.121379377152879	-0.0710503287636784	0.078621466356619	-0.176487946914498	0.0877045725413178	-0.0406574058518842	0.0772634211127157	0.0540604491480856	-0.0652216578625931	0.0571864237404837	0.00978027611027231	-0.0967590121773846	-0.0299937216475513	0.0194534116403628	0.0885529290898558	0.0396932572136779	0.00275566749591711	0.25540281835506	0.0542831171814752	0.0262375737614992	0.0765866324778835	-0.00203186860745909	-0.0255931217608638	-0.0903706883480173	-0.117808619507435	0.0387956737246309	0.0586814769686892	0.0910700025734883	0.014744424648443	-0.167515973335635	0.0965634208767817	-0.0861600254788691	-0.0818690577589977	0.0890116346124251	0.0596627621972113	0.0262717580327056	-0.112343649811214	0.025486940469305	-0.0655516066723383	-0.0186193146979842	-0.0766316218770988	0.181088976353616	-0.023493574913744	-0.08479977495618	0.012492925220747	-0.0767411095694909	0.00238818234679853	0.0980846524501869	0.0382848376507644	-0.0205008808732389	0.038886667953674	0.0770177333492619	1	0.091091960752366	-0.228760861182454	-0.0295158792694631	0.0278144274176735	-0.0977544489636148	-0.00734393660819587	0.198801123446497	0.0599127748374089	-0.0728388566081645	0.030424354394106	0.00120274132186914	-0.184958437696239	-0.120426858735348	0.0800552709965124	-0.0119849053129902	-0.0234332239631829	0.135696150253398	0.0225193193861528	-0.0254204445083396	0.161171903429694	0.0117593905073084	-0.0835463327489065	0.150382749998171	0.0277792476303076	-0.030040649883448	-0.0112958517199193	0.220847054641934	-0.128415014678009	0.0259692661333404	0.0278126957424223	0.153767795750327	0.000176751282492842	0.145176456422501	0.099786419312716	-0.140425941219018	-0.0247843239951378	0.0736249294725911	-0.181968426842308	0.130818998120931	-0.115955667901552	0.0476490422470967	0.0178685326287278	-0.0258143033571244	0.134925485892362	-0.0892902127270766	0.00919932500653877	-0.0545035613368348	-0.0188059214958185	-0.0220906855120823	-0.0214053865818074	-0.0387296437944363	0.0657862978325645	0.0592950432280487	-0.0244315552639209	-0.163648856431876	-0.0856765246770875	0.0287124159034991	0.0721722232280919	-0.170895474598305	0.0924649276335729	0.0499555294370129	-0.0231558209902799	-0.0158907728165589	0.0104932907653494	-0.0525566209383885	-0.203026797332176	0.0389388577989364	-0.124965276158278	0.04827945979226
0.00799127509112735	0.0224728931753416	0.0329743668297382	0.0143474357295742	0.0686606992379438	0.0503033040507532	-0.0609211015576675	0.0105774887662036	-0.0485493377574732	-0.0302618297245302	-0.0747965283089	0.000929061748742352	-0.0483319005971161	0.0126607152163505	-0.0301157913996157	0.165487475074578	0.0303298065537333	0.0591870350032712	0.0437196526515281	-0.0632329147963201	0.0195102854132888	0.133142779492845	-0.0757080574717183	-0.020752693113606	-0.0214752253991379	0.0542121138564959	0.0668334302428451	0.00980256271381558	-0.00879133800232781	0.0412999803371133	0.0286227365193548	-0.00416657162543595	0.00721347363726669	0.00791675034824803	-0.042207711696645	-0.0494092684939381	-0.0256583072320823	0.0678211568673711	-0.0292680160069807	-0.0352149628501453	0.0298427371554732	0.0327434550370768	-0.0192332649453885	-0.0396500882508793	0.0533775712701329	0.0425899672286289	-0.0208810929330068	0.00176507569539751	-0.0086162408490002	-0.0968777792038076	0.00694436320965039	0.08773751201512	-0.114733295215322	0.0499297118433708	-0.106271936936458	-0.0409458980414935	-0.0753919590076081	0.0560565319179954	0.091091960752366	1	0.0215932592277292	-0.0980244691553802	-0.111409662572247	-0.110281639759174	0.00633468821603676	0.0765101931065783	0.124083278962343	-0.055868719616062	0.101859838263637	-0.0784446003467771	-0.0408250976873902	0.0193454854977863	-0.0077863949906038	-0.0205174799417332	-0.0268172892063141	-0.0164870567850332	0.077497517449162	-0.0298266655874014	-0.0327603742115543	-0.0222588764845206	0.00895821117070001	0.0762308520007265	0.0528317250233492	-0.0811653193472571	-0.0325496145100653	-0.0362608334951313	0.0936102491405865	-0.0816502890252896	-0.0743407362554978	0.104842272600335	0.00332363167097969	0.0454668428619634	-0.137772563488737	-0.149400835026457	-0.0281680080385104	-0.0271408962569192	-0.079872972265586	0.0316334099384606	-0.0105084828184849	0.079888949002323	-0.0737217003723373	-0.0371978689062104	0.00367277691801977	-0.0236567819732089	0.0420969940243005	0.035619998432736	-0.0134898489057647	-0.020303949821168	-0.016478770487469	0.0358692560374265	-0.0157546597611751	0.0098266038704756	-0.0341256017320568	0.041703394628981	0.156032255359439	-0.0338477399526368	-0.0210325690447328	-0.00668070814919925	-0.0128348125702443	-0.00408645689738982	0.0131000128828476	-0.058379795903588	-0.0613400397923125	-0.0467159514291339	0.020724897988351	0.0703146647532195	0.0211592077663428	0.0837186133479904
-0.117125398183577	-0.0416127585355139	0.108742124175614	-0.0408892307731539	0.00232135890065742	-0.021526776008285	0.0474819506043416	0.105169458812902	-0.0708901827395527	0.137314189498841	-0.0436074832224304	-0.0255704457332575	-0.0641490492730822	0.0726230373131461	0.0239056986560141	-0.104772378491071	0.0601017488343249	-0.048965384842342	0.0879980898834325	-0.0361094164972406	-0.0119387041901364	-0.0215453847611829	-0.0490639754382813	-0.137692513620911	-0.014389965859118	-0.00723239762198918	-0.0689683316273744	-0.0401943179934705	-0.111445787005822	-0.0940061778835974	-0.006191990119841	-0.0685676198647782	-0.055140813295522	-0.0779133416699446	0.0872046451790032	0.14851791814709	-0.0451696298537894	0.0282756308668236	0.127888444754533	-0.115347069714808	0.0747844809477229	-0.0402842966617224	0.0597955493925738	0.0848433990879282	0.0554140368066108	0.00343686251540724	-0.17088432541341	-0.00820116877806316	-0.0284336543947645	0.121851420718789	0.162308173351428	0.0754393320279356	-0.0550997788514094	-0.0818229860763944	0.0250185137610603	0.163089152483547	-0.00064908605309196	0.182382064438261	-0.228760861182454	0.0215932592277292	1	0.0244248222605556	0.00447146997044954	0.111870145880844	0.0664707067676761	0.0268275656405696	-0.132776718430216	0.0326238781346304	-0.0117315938309749	-0.086013458249165	0.0848722476467346	0.000827738916077458	-0.186571404189006	-0.0185865614774326	0.0347575136398082	-0.0679700316876752	-0.0715993461864764	0.0454577769400382	-0.147078148202688	-0.0602729907004889	-0.0713634796953438	-0.0778200817746346	0.0928075559423027	0.123336755594249	-0.132668094803169	-0.0923847604890194	0.160723892161387	0.0314223880552166	-0.023658169804578	-0.0247744701339425	-0.0224468303213747	-0.0645888331910202	-0.220855909251812	0.0139019881880605	0.0655279590812764	-0.152518903420476	0.162114779250559	0.0272582995216424	0.181260272788649	0.14049459189762	-0.140437661713223	0.0549251659157043	-0.101076947239089	0.0394529802643809	0.0471901345887089	0.0141807027227639	0.0613227126948811	0.134527343604144	0.040843667616799	0.00947067820419847	0.0372360384239149	-0.00846683102536247	-0.0347368646161746	0.0997830608709325	0.13181016000596	0.0586992270782672	0.00575251124825196	0.19464541967046	-0.00991578529802085	-0.145942875332692	0.105434481097769	0.103356052985193	-0.120304939489246	0.112170719424735	0.172851545447628	0.0777003446021558	0.0196994146181076	-0.051062015864722
-0.0494204793740284	0.011124040484128	-0.00322941602564066	0.0115932591059457	-0.106432472883868	0.0439487984140311	0.0205030268065789	0.106553625304845	0.0848704215317546	0.0079694255218254	0.0397742625737873	0.0156554589480421	-0.00670225573512297	0.0162402494874011	-0.0746238900397328	0.00190594417974391	0.071483900608636	0.0191608705909827	0.0283657415217231	-0.0726274858903271	-0.060923488837786	-0.0132843619104329	0.0470560103227411	-0.0932044255710439	0.0512403683538151	-0.0740676133661056	-0.0179032485019637	0.00871809626785858	-0.013770175725162	-0.0505254859529788	0.0146800582795941	-0.0452549893466812	0.106297039160645	-0.0275423178981089	-0.0158252836796861	0.0474888316680815	0.0189028211857318	0.00402069263645529	0.012422309862937	-0.0424522761990873	0.0111524080715623	-0.0054816754139932	0.0301508240285919	0.0341483946841928	-0.0402330098206368	-0.0328554521109684	0.00110695261053698	-0.0658137226322586	0.0632348296597539	0.117001632690409	-0.0615851575974455	-0.0215972804939557	0.0883291726071531	0.0415114692970053	0.132442025845719	0.0438403437324681	-0.0321354643988668	-0.0186978717919712	-0.0295158792694631	-0.0980244691553802	0.0244248222605556	1	0.0418052823252857	0.0279289060840939	-0.0350788771065857	-0.0267207413207804	-0.126542677065917	-0.0218566962997171	0.0214991619564968	0.119235462504373	0.100997109902002	-0.0236110081861267	0.0432816293512681	-0.0280892741403854	0.0455371081517796	0.0209359832228034	-0.0312835028839689	-0.0443859024346334	-0.00619924048762634	-0.0561955814935136	0.105558043519009	0.0138029266945737	0.0457463254654988	0.0231779937130329	0.0894540171936689	-0.0688941245802159	-0.10011762092264	0.000669471765412831	-0.0400427343162224	-0.0663562176790596	-0.0913747614457064	-0.0616462624977812	0.114678056850597	0.05470914340286	-0.04606667974015	-0.0711062058474742	-0.0715972426183573	0.0884580734236623	0.0329367781131547	-0.0736701937295966	-0.0969512788671327	0.034331111807884	0.0315082665728208	0.0905627785370304	-0.0677412476081839	0.065862257377239	-0.0256751773085385	-0.056327189805948	-0.0145048263175101	-0.0140532771542732	0.00859169134724751	0.0437438137656519	0.0395552203017562	-0.0604927124633982	-0.0461568541493344	-0.0136864243827518	-0.0104039228689842	-0.090034525260668	0.0845325920150413	-0.0492723418036322	0.0131511681161229	0.0372663728172052	-0.100609020641857	-0.017274683887677	0.0406037795709195	-0.000506165330679537	0.0349073876500637	-0.024027795277477
-0.01095763762526	0.0126499105341718	-0.17803217696719	0.185958067154154	-0.05857716815207	-0.0230879015640582	0.0248733273533845	0.0165343799418323	-0.0362535784499928	-0.0470914864927179	-0.0581350340603727	-0.0251711235376815	0.0454392217084881	-0.00170426500477669	-0.0325631851862293	-0.104289448586232	-0.0278822855071	-0.0826786012871847	-0.135008387150167	-0.0521199542713241	-0.0449189198228895	0.101164590725489	0.118752041008236	0.0145667165916606	-0.0198953969314089	-0.0296868742836267	0.0538913806369757	-0.213536681885327	-0.161146064162269	-0.020930152805753	0.0619969119071005	-0.0493044670055115	-0.117221216097918	-0.133290023718093	0.00305077060614608	0.0442247075929618	0.117216315218457	-0.0479196269887523	-0.067278823402752	0.00442166882784818	0.00512479202314263	-0.100139439207124	-0.0304137089733973	-0.171090682873163	-0.0125442960563529	-0.00976283404252234	0.079329848027746	0.0682538710310287	-0.0784648253068492	0.0176510188917024	-0.00792004811958803	0.0322003168218247	0.122228345703652	0.013389634566109	0.0321742860181486	0.0837113078429882	0.00681140319958208	-0.0210165439865233	0.0278144274176735	-0.111409662572247	0.00447146997044954	0.0418052823252857	1	0.0315317199087075	8.58093936893503e-06	-0.0139528419282386	-0.232367547935446	0.020201377438862	-0.0460527133176675	0.031741258683376	-0.0387533417626394	0.0626449658319486	0.0635296307822726	0.0824776500768092	-0.0534800813117189	-0.00514503555788975	-0.0283266278704631	0.0377023057530359	0.0233631119282307	-0.0669046992374974	-0.111644214325728	-0.030671292435636	0.090027788889024	0.0373193586040733	-0.19305869507094	0.090713907454626	0.0464776805575848	-0.128374194566896	0.0466609618791033	-0.113237453928329	0.178260315763912	-0.0514128958104357	0.00907203845842024	0.0885755119928599	-0.0560082148046746	0.104218195869124	0.00283127142922324	-0.00867313970241646	-0.278047075252163	0.0110621464437096	0.0471119489382531	-0.0207919327218029	0.0379128254927502	0.0352438287636609	0.0653466874377909	-0.0787868098995618	-0.0961434598134305	0.10652541593449	-0.114316024933946	0.0557315196622118	0.0353101204600618	0.0152278982045235	-0.0148460764806759	0.0995941675316242	0.00525642458748488	-0.174572388363474	0.0176039073577965	0.0955967239442616	0.188553852944145	-0.0055121677037309	-0.0157392104511662	-0.00520640815374984	-0.101218704689646	-0.00370367614038409	-0.015732054898262	-0.0757338375361949	-0.0183544110102049	0.0814852494058933
-0.0631342888189129	0.02506231448985	0.00396726186448758	0.0581781463572542	-0.127628540045217	0.00265443881936046	0.0726983683211957	0.0206840461819586	-0.124757389517461	0.0606622799871989	-0.00384671663138403	0.0617091331514983	-0.0144705544614468	0.0423412567943101	0.0522883307279599	-0.0215678792423529	-0.0811301968617806	-0.117407809982672	-0.0934631882612768	0.075186418520635	-0.0492855164377507	0.0279724261205384	0.0544707359368276	-0.0749145117910635	-0.102885135044603	-0.0617061773613505	-0.0672250654768174	0.0811035710261565	-0.0251305621485915	-0.0786571881505816	-0.0504288015078865	-0.0654792342987144	-0.0248076831621162	0.0367298130980443	-0.0322639666219854	0.077101536116318	-0.0571891017487402	-0.0180279379353369	0.123442663924212	0.054364361826755	-0.113025986234387	0.0590633364397583	0.127211605872128	0.0608280566010087	0.0943566160312936	-0.0462489354715095	0.0279807252694166	-0.104143444727535	0.0861409403675049	0.0904405882951656	0.00489337452425062	-0.11022222571189	0.0428011133095169	-0.0107265540649523	0.0851612798827346	0.119301175865019	0.0628107679467131	-0.000111810059263495	-0.0977544489636148	-0.110281639759174	0.111870145880844	0.0279289060840939	0.0315317199087075	1	-0.0438720475455405	-0.021493522951178	-0.199807345925417	0.0560384239343492	0.0404640390706647	-0.00539987032472799	0.136205564882111	-0.110418961314074	0.0115739098641935	-0.102455906239154	-0.0137632410676616	0.040497994205384	-0.119506710283487	0.0355552480574754	0.10150397903154	-0.0204818241745346	-0.0394199775314269	0.061374971689643	-0.0130203316652701	0.0613936818157484	0.0248022132856599	0.0462835210937857	-0.0249305338410635	0.0134948522506827	0.0594290603334952	-0.0158413821008791	-0.117630547098409	-0.0275584873968795	-0.185796512853098	-0.0994337038965544	0.14372828941058	0.059534059133901	-0.105425805694122	0.0936275782847626	0.0776506763770457	-0.00530395697334999	0.0289842873375941	0.0351770580859358	-0.0625157218275502	0.0282404873396811	-0.076945778382592	0.0736687180707771	0.102807510221835	0.0566525044644316	0.0251004969607328	-0.0790937007704551	0.055044143142721	-0.00329922588764707	0.0861263271972895	-0.00851699543301952	0.0044473674344805	-0.0205400088232691	-0.0191025945793097	0.118119364704085	-0.0961314395314682	0.0462405412336659	0.0490494993393047	0.0937240770995715	-0.0617537660565959	0.064971965396994	0.0381500689814542	0.00226031891821961	-0.01634593800946	-0.0414497417696597
0.0617249527369055	-0.0145954785878918	-0.0843579052291977	-0.0387787608274477	-0.00335726962368581	-0.00894329868522858	0.0718416550708552	0.113198403152728	0.0330499018766312	-0.0158830456958359	-0.0618626643121876	0.0848402428452817	0.0608327771716652	-0.0626624696010986	0.0646738297403762	0.0305553829212806	0.0688916455396135	0.119494937814931	-0.0242717258404223	-0.111730432872946	0.0471312744167791	0.0355163412386031	-0.0519092624937829	0.00873263398183084	0.090274591094612	0.124310636121598	-0.0224101949495367	-0.110716909553451	-0.150420875885117	0.00420295065959921	-0.058113658173677	0.0631040092002835	0.0347172808758657	-0.0559649655369555	-0.0553713059893306	0.000833374888669052	0.103603782445702	-0.065140976050345	0.0874667075621949	-0.0606380075177452	0.0627459761107836	0.0542397974263497	0.00866867769508575	0.00645219094046862	0.0164487393617811	-0.00800266466174222	-0.0109394547407623	-0.0543793371628005	-0.0611135937916534	0.109356899802187	-0.0400962031841799	-0.0490992836139558	-0.0316567391279465	-0.0679007617662255	-0.03313901785515	0.0596099389704054	-0.016610527712396	0.0493265052119457	-0.00734393660819587	0.00633468821603676	0.0664707067676761	-0.0350788771065857	8.58093936893503e-06	-0.0438720475455405	1	0.0221527580553177	-0.089652293391366	-0.0409284889782758	-0.134913542445967	-0.073703775880656	0.104080807840028	0.047520881461806	-0.0605485667148203	0.0681596934024155	0.0451289460241822	-0.058227948822518	-0.00414481668873521	-0.0792837814387412	0.00673314288296865	-0.000962279665080197	0.0122899630949646	-0.0726634330614408	0.013007378428642	0.0335139680463571	0.0180646208393498	-0.0504651540612087	0.0141269064076665	-0.0807465048395656	-0.0747603494910794	-0.0130978671091608	-0.0374902393599814	-0.0916374661107705	-0.0651699239302155	-0.0604192880717178	0.112625644339933	-0.0120858195459416	0.181374842320466	-0.000652936634943682	0.136790789093361	0.075216782844775	0.0117992900987131	0.125101818932707	0.0177984562158234	-0.00206908634399216	0.0431698555639592	0.00954462829206694	-0.0412583369836416	0.135926798250473	-0.00804427796081254	0.0786256684575253	0.0219950221974444	-0.0665992663912025	-0.0307637475485969	0.0579428329346045	0.0365082515557859	0.120142526009199	0.111202663586097	0.117555217602391	-0.00374425435326685	-0.0607035670757737	0.0662893358188266	0.0224758715879964	0.00430408854650027	0.0373570124406195	0.0861940034418344	0.00613799533563355	0.0765190737055819	0.0154074026441822
0.00619411136960931	-0.0397942985300173	-0.057496711557342	0.0176226014173664	-0.0741004555670718	0.0231135538155307	-0.0170278662994322	0.0445298605237922	-0.0202943564251542	-0.0947978892855033	0.0110199903253277	-0.0339033998395868	0.0259027800186349	0.0413988523587027	-0.00796287143082457	0.0273908526120909	9.7516300592989e-05	-0.00808629634888025	0.000685265863833748	0.128281186718448	0.0183198052467465	0.0743312085010303	-0.0760089798286573	-0.00635342527158676	0.0805778009668299	0.0721416812840786	0.026011394753816	0.0129628140117526	0.00247790699740211	0.0247415464848692	-0.069749862812619	-0.0541530822568005	0.079294294872509	0.05732379777745	-0.0561745301571272	-0.0934268747285664	0.00808928174805035	0.0314289137436033	-0.0237859960008949	0.00012243624853676	-0.0794007221264979	0.0678229642646616	-0.041790014499516	-0.129566142474609	0.00936549283295809	0.0679950760361138	-0.0524747518105207	0.109791165208001	0.04974502550867	0.0224166049489735	-0.0529676714400062	0.078096574688312	-0.0181265956732255	0.117944806460165	-0.0692250004785366	-0.00427130588603401	0.0481429723040073	0.0506540283572405	0.198801123446497	0.0765101931065783	0.0268275656405696	-0.0267207413207804	-0.0139528419282386	-0.021493522951178	0.0221527580553177	1	0.0225831355458556	-0.0138832672853848	0.0295197266306026	-0.03905316194164	-0.0410713935761429	-0.0136645775495338	-0.1148178928886	0.0226218218125269	-0.068627480382628	-0.00590805711452539	0.0307860878882644	0.0248352959777486	0.0221509972793623	0.00408867512937323	-0.0577621685221251	0.0927692196273029	-0.00131011028569996	-0.0161578302244394	-0.0317951857784244	0.0773526699410821	0.064291793270271	0.093372555814729	0.0640831414495643	0.118006954389286	-0.0406917491859655	0.14993145057256	-0.0360234942796748	-0.0183834105636338	0.0734376743086871	0.0404265705370449	-0.0832656963878384	-0.0142776588549132	0.0427630502288512	0.109633993315206	-0.0471949165382616	0.0112015809576914	-0.0425652842124483	0.079742056708691	0.0473729809686235	-0.0374075017083306	-0.0361749106747902	0.0103196360036248	0.00391047373356358	-0.0464165123560045	0.0242872022862569	0.0325972099061936	-0.0158174119603033	0.0258777710902862	0.0378622387862861	-0.117012199837869	-0.0241704992236321	0.0270241614161879	-0.0103287963658305	-0.0193750547296936	-0.0169339941579021	0.0572126704596825	0.000373170884570018	0.00514493358794364	0.00407526382476472	0.0269387828840921	-0.0488367873910816	0.0412192039977205
0.0741631691140473	0.10114967284824	0.0661772335468426	-0.159073364942748	0.0212148695237801	-0.0886449103190794	-0.078445552548062	-0.0912504933766024	-0.0421456585729199	-0.0183317623615672	0.0836776270302274	0.0583215894577748	-0.0793900597219054	0.0534203757632242	-0.0362247012194213	-0.0112840335992873	-0.000169547404565819	0.120243453768496	0.0292406635196491	0.0238014102678098	0.0570885612016731	-0.071100791111627	-0.073259156558583	0.0817529487499493	-0.0402193764408943	0.0764167140306227	0.0357024973739584	0.0609294193745555	0.137250468695678	0.0791711741141681	-0.042867569551142	0.116881111350969	0.00971471936937009	0.110444793992411	0.143891559521164	-0.127777924815022	-0.0315136604821259	0.060018641690065	-0.0588383769448641	0.0472043751770404	0.107993023629279	-0.00940328471988609	-0.00225535460270504	-0.015704572822796	-0.0646882695614705	-0.0268562915178534	0.00571267423963008	-0.00906343021785365	0.0811574886410582	-0.144330192266538	-0.0752600863598832	-0.025225737469608	-0.0889424961527788	0.0398206284913146	-0.0607570180523558	-0.0795491846484149	0.0169160304741069	0.030934728884333	0.0599127748374089	0.124083278962343	-0.132776718430216	-0.126542677065917	-0.232367547935446	-0.199807345925417	-0.089652293391366	0.0225831355458556	1	-0.00700757528492221	0.0101216352013782	-0.0315079592837454	-0.109727378412179	0.143730866024324	-0.0290407392444891	-0.0147437061601132	0.0731771048182184	-0.0351702939164554	0.00261971909123604	-0.0172057807414528	0.00299876311395773	0.0653543657625332	0.0410876347456075	0.0126155652097303	-0.159123093332045	-0.0276197057425957	0.0346916022205378	0.0448588814540266	0.0129941003416477	0.0315238328781159	-0.0497514731267904	0.0867604982950342	-0.104932859074214	0.0387843825942839	0.0672167942969079	-0.0943817999597574	-0.0478190163413007	-0.0935132068462689	-0.0337368089561008	-0.0597503265461623	-0.012772366050376	0.00177565170734151	-0.0149009363574872	-0.0411439204141152	0.0391846909977463	0.00864710346111391	-0.0112086188850064	0.0220898373684797	0.0342550683139722	-0.0890204848286509	-0.0356067539598884	0.0324657960619468	-0.0965396753839955	-0.0266958013710066	-0.0445824712878321	0.0158720832104921	-0.0248724274711206	-0.0294627821878647	0.082374847483765	-0.116150189854505	-0.100067997313186	0.0773988736730499	0.0164122896028568	0.00338120377797162	0.12483116183729	-0.0748626166736895	-0.0422208570122609	-0.0106746800103172	-0.0851119261418493	0.0481245566412912
0.082550164814968	-0.00861600124377333	-0.125363332971217	0.00961758490771713	-0.0583439477056161	0.0523941038650716	0.128038496143374	0.0543493631989094	-0.0407113314519728	0.0743308249827128	0.0266721836089191	0.0209918195523495	-0.00744329474130335	-0.0274645393919792	0.0378893040611359	-0.04147223914308	-0.0123660374122098	-0.0419680654639499	-0.00312750968552989	0.087870544132728	-0.00279354290196132	-0.0303061032763918	-0.0153752560087618	-0.0436765619407047	-0.0361261502323728	-0.0281241444869574	0.00382860097546319	-0.0574969731802224	0.0586432944922863	0.00610913550164772	0.0160723603762274	-0.0836586050747729	0.0391241646271834	-0.0347915719272518	-0.11138120453932	0.130325399664151	0.0716271223006154	0.0718305784358451	0.0115726950212173	-0.01402979431138	-0.0549223524120948	0.0412906158018755	0.0176163577039238	0.0643493213477572	-0.0198744989593173	0.114444263469466	-0.0467216706737885	-0.0427921895969865	-0.0425122869388186	-0.0135887233492054	-0.0168217320189592	-0.0310648235467962	0.0514895177074099	-0.0578744919037373	0.0130781672750095	0.0430361358479342	0.00695823135086554	0.0198214050329305	-0.0728388566081645	-0.055868719616062	0.0326238781346304	-0.0218566962997171	0.020201377438862	0.0560384239343492	-0.0409284889782758	-0.0138832672853848	-0.00700757528492221	1	-0.0710648644253188	0.0935895916640074	0.18610838594704	0.0702448330300956	-0.110960930775919	0.12474856120142	0.0037077212689581	-0.040628511157611	-0.0267537498123938	0.000243802565204404	0.00309483562226842	-0.00145344905498004	-0.102863656358514	0.00192742996173362	0.0286079092349215	0.0362532069687439	0.0550675310097574	-0.0190590255203469	0.00883155807663724	0.0778372603838518	-0.0393101228666235	-0.0687151490680548	-0.0388050986741109	-0.0811839945603816	-0.0855853577310734	-0.0205093034508386	0.0666264484119883	0.0840296479816548	0.0742744447775179	0.0394015948539054	0.0310664442175391	0.0404139521691609	0.0270254894390699	0.0279710123042973	-0.138365702899026	-0.000990912766686055	0.0309169386336832	0.0303528593705055	0.00434227271567582	0.075380264831812	0.0236603471518276	-0.0457637418176831	-0.00423866814692489	0.0614456152280169	0.150809758241018	0.0719821234629904	-0.0333882062522715	-0.0723619874123059	-0.0194473137336413	0.115990543297455	-0.0187072029539083	-0.20903141368356	0.0342135890769718	0.042282601300236	-0.0682255175732403	0.0265232420114562	0.0315308175739042	0.0492177750754433	0.018445052806372	-0.0203592198182279
0.121304054855304	0.0449808618413189	0.0909833520263387	0.0389057082027378	-0.0637533198631289	-0.0862850430313332	-0.047419649461332	-0.00179498752169789	-0.115834920580953	0.0624357618723976	0.0197655189342894	-0.0396154133694627	-0.0579546846467491	0.081318805493478	-0.0525203477693574	-0.09704227638936	-0.0272415053867929	-0.0106470113982746	0.0855507045036919	0.182728265378333	-0.00086285687043212	0.0408843108290704	-0.0333728783101711	-0.257759638723763	-0.200598193469285	-0.0713849386211458	0.0679792654435393	0.00476875035869864	0.0682501016553083	0.0155936184402649	0.0879690599418095	-0.0232518630569814	0.012649445991426	0.0249708343467628	-0.122960590150269	-0.0169305350867268	-0.120141160654655	-0.0129989882849034	-0.000440735057797202	-0.0313764572937425	-0.0777209393910414	0.161421114882733	-0.0622940080838539	-0.0104509028841094	0.0486035694329139	0.0296792496481449	0.0798599881165874	0.0275251185883989	0.064119952301294	-0.0311279504049098	0.00140131890008066	0.0450427375629127	-0.058010585039267	0.0239716732122765	-0.0247113354690764	-0.0288729961712062	-0.0222782507841756	0.0786960826470882	0.030424354394106	0.101859838263637	-0.0117315938309749	0.0214991619564968	-0.0460527133176675	0.0404640390706647	-0.134913542445967	0.0295197266306026	0.0101216352013782	-0.0710648644253188	1	-0.0178394012890857	-0.19247957850882	0.0401216836645355	0.141447683792313	-0.00192913447212739	0.037167471007926	0.0196820647348166	-0.0786548967615559	-0.0183014450472197	0.156014529750065	-0.00623741694562011	0.0548475928326579	-0.0280379369001792	0.0783275961473076	0.00563188060313843	-0.131711026760473	0.0416669323577806	-0.0691797244498179	0.00674117347353883	0.151479631610502	-0.0645209926919449	-0.103033652571926	-0.0652595613297449	-0.110494119348288	-0.0883635750813158	-0.110454245373418	-0.151647807264149	-0.546483215191995	-0.0220552104865462	0.103544266357296	-0.0710394819812109	-0.245548787398698	-0.0739884170347173	0.0411761330156758	-0.20353801148269	0.0497098423475081	-0.0478716314274604	-0.0136773499354723	-0.0656178022137919	-0.0106770397425342	0.000862711574896023	-0.110366853263011	-0.0642785552683594	0.183357427062035	0.101650847716638	0.0667165574714779	-0.151407518829251	0.0954398117216449	-0.039908337804413	-0.090654375040059	0.0838341377776963	-0.0544309901712307	-0.0944788305460311	-0.0396877916140639	-0.0772596052450535	-0.00482605089505998	-0.0495247672301691	-0.0983344869812909	0.0501757969893817
-0.0550831931801715	0.0273771764734951	-0.00635553542735761	-0.0497771176554877	0.0384174581573483	-0.0423752098738859	0.0424566892196323	-0.105267181270402	0.0496663089288169	-0.0841629599972707	0.0674856967670187	0.0309712819206327	0.00811130278524631	-0.0084043069203138	0.00758821487726182	0.0543366073088948	0.0866899243983	-0.00589412432510703	0.0758989821256796	-0.022333527122402	-0.0781780224359519	0.00992412301103497	0.0981640622770324	-0.0465882134633656	0.0333346197650509	-0.00836206545451153	-0.107167991669541	-0.0666883432648752	0.0263458670366645	0.0535670023348805	-0.0269287606795782	0.070581842702956	0.0362883036585605	-0.00158418326055986	-0.0423378774674178	0.0393920689212251	0.0892203642286467	-0.00183581758367532	-0.013693875088316	0.046837866560337	-0.00478196985459983	0.0388989916827503	-0.019156917948551	0.00101511921345878	0.0282000200433124	0.0652149418273489	0.0908046386934898	0.00935558411991195	-0.00454447934793999	0.00740589252500772	0.0027198756940702	-0.00540731197383843	0.0319474844163029	-0.00211600748156355	0.0561841821196968	-0.0320491030474819	0.00604055667021911	-0.00201215717913621	0.00120274132186914	-0.0784446003467771	-0.086013458249165	0.119235462504373	0.031741258683376	-0.00539987032472799	-0.073703775880656	-0.03905316194164	-0.0315079592837454	0.0935895916640074	-0.0178394012890857	1	-0.0118232422581988	0.0440951079571212	0.0112457776501365	0.0917691011161008	0.012774128618742	0.0796003112852158	-0.00706353264794593	-0.0176355095567794	0.0480609639762258	0.0134009972049546	-0.0417631381956281	0.0852646995862037	-0.136547496114827	0.0214920155004537	0.0252155610536254	0.0232934954661288	-0.0568109677668834	0.017906985340683	0.0577468467136233	-0.0864669627209913	0.00472151413795978	0.0108525387839367	0.0397998128206856	0.0770864678657902	-0.0146180475444345	0.129917311214098	-0.116982236704711	0.0642400746764962	0.00488355817347421	-0.0799912790560195	0.0409278149397121	-0.0493414849881934	-0.0775098710183262	0.0712498252494851	-0.0102685603287736	-0.0352239964671376	-0.0049722555687545	0.0462729750149167	-0.0308238422825357	-0.12871028737112	-0.023180388314025	0.0642448724091072	0.0591172865806916	-0.0451127759130945	-0.0369375244386215	0.0878265555344206	-0.028840835978678	-0.0800162685109862	-0.0504808410840739	0.0230193597133172	0.0325322727853205	0.0453065119696378	-0.0156415152229963	-0.0305681777142467	-0.0167184702796763	-0.0442114388500773	-0.0455645653133827	0.00868210275685651
-0.0298947623277833	-0.0203907819262512	-0.0190191129544306	0.0176167702518617	-0.166593499183241	0.0307651747277227	0.00463788783993291	0.0789131737730096	-0.0826591385938414	0.104361375513382	0.0113848148524458	0.0295494022125356	-0.0804712518978423	0.0216286903726725	0.00248948043634664	-0.0248948622227055	0.00992102918387509	0.121340883595448	0.163202505912806	-0.0124880540690981	-0.00120838068517569	0.0269390537847081	-0.01048029191962	0.0813335662019821	0.0601514816862683	0.0408874440094838	-0.0421031186264931	0.0264534197491334	-0.0164200474987836	-0.0149954093003624	0.0579273276644653	-0.0729108470558221	0.0467482966666683	0.0239373661683434	0.0623112900967431	0.0596958646852066	0.0162734107634702	0.0677683845433139	0.0698037981659246	-0.0878911344719574	-0.00325120479909363	-0.089128887641017	0.0228408964749401	-0.00452151872390223	-0.0189298323111532	0.0812508113339927	-0.0509730316204488	-0.111840449799507	0.0119250741173246	0.0854183360316238	-0.0106156041707833	-0.0640149433592589	0.0475521547485474	-0.00314207236626851	0.0318542793666042	0.0918260791483012	0.0694536131108086	-0.082558408861092	-0.184958437696239	-0.0408250976873902	0.0848722476467346	0.100997109902002	-0.0387533417626394	0.136205564882111	0.104080807840028	-0.0410713935761429	-0.109727378412179	0.18610838594704	-0.19247957850882	-0.0118232422581988	1	0.0518923267952902	-0.161718947386988	0.0920925357427483	0.00897723251389516	-0.0393318921820147	-0.0968781001958456	-0.040217488760125	-0.0598992630766741	0.000488374994924561	-0.0200908894415484	0.0457643141462329	0.0412516962638631	-0.0496319761879004	0.0594275418963932	-0.0661567937985025	-0.108371679581965	-0.0261455366077268	-0.0569449193090848	-0.0729459844570791	-0.0488719353281931	-0.0983280867532125	-0.131791988875781	0.0204839866086699	0.105035964692586	-0.0204012938523606	0.105906716453935	0.0632491622104739	0.154247797964069	0.0878926670355283	-0.0884202382273305	0.0468872247890958	-0.0764445251205757	0.145293749406378	-0.0193684588742691	0.04559449441878	-0.0545217111951332	0.0213684870545827	0.128530950261176	0.0326469320762797	-0.0263213792079832	-0.0642960978401673	0.0262618764201804	0.0379353756669442	-0.128161563771049	0.0327952892230799	-0.094403862975948	0.0687003353490615	-0.0538246327465261	-0.125733083276069	0.0457541444062427	0.0912288299824397	0.0877466489195494	0.135380109308741	0.060455129606035	-0.0174301295807829	0.113876269293838	0.100715513593763
0.0770469241992065	0.0356105612296435	0.0345321894124977	0.028408796917127	-0.1219351699357	-0.00518317431454987	0.0330685756655476	-0.0382940730955788	-0.0501532814474626	0.113884910016088	0.0171295552219421	0.0385005732801455	0.00740925965972091	-0.0728449641257693	0.0119720403687534	-0.0329703658895907	-0.000418772867513948	0.153761748250926	0.0216460100727747	-0.0422216088242246	0.0243738892013112	-0.0119840237884753	0.0169521494643376	-0.0809680301632182	-0.101043385866625	0.075915648666474	-0.0388561859506272	-0.141534099333941	0.0220579106916844	0.0806679682970064	0.080741176487279	0.00337108368887784	0.0665306915827228	-0.0215564526979095	0.0110089491367111	0.0444973374870627	-0.0834724112412808	-0.0120038288410952	0.0117084535443925	-0.0467755094911258	-0.0207682748274189	-0.00464107996595305	-0.0116490781309056	-0.151246407832976	0.0700760745893426	0.188278377164005	0.0924596971624897	-0.0380709185222298	-0.0122516833208243	0.0737172362186073	-0.0824395579220797	0.00337681910692924	0.0666135984069368	-0.0856915877322214	-0.0848095110809627	-0.0173232854242723	-0.00865657796425785	-0.0858107645996903	-0.120426858735348	0.0193454854977863	0.000827738916077458	-0.0236110081861267	0.0626449658319486	-0.110418961314074	0.047520881461806	-0.0136645775495338	0.143730866024324	0.0702448330300956	0.0401216836645355	0.0440951079571212	0.0518923267952902	1	0.0431719810851499	0.0566327961619997	-0.0348742433715346	-0.0488083178421026	-0.0497983389495599	0.00428909936533007	-0.0316412581535912	-0.0138737422437254	-0.0742168022222068	0.00760329553035582	-0.104184543351265	0.0688488581131131	-0.0158385602289413	-0.0125398157259604	0.0117901737062439	-0.0105276427520088	0.075613546749345	-0.0704837591440808	-0.0366618570112897	-0.212632409471342	0.00680260059725916	0.121664713413575	-0.106577391317638	-0.0335370634109347	0.0815178550665508	-0.0310981561810026	-0.0339358468114539	0.0653255778913926	-0.109407554672142	0.0196980134357191	-0.129287933840812	0.0650973013814206	0.0456033864917139	0.0356321887794306	-0.112123648220073	0.0306808781083541	-0.119946480918349	0.0233697486846773	-0.155997810446533	-0.0168845854384784	0.122490867110254	0.197689733308916	0.0310137752679415	-0.0972438492562735	0.0593082932309338	0.133202739619793	-0.0493181808422545	-0.0822006520600396	0.0399760782434312	0.11008293767166	0.0127247332606163	-0.0742736145977351	0.00922336312842202	-0.15483173280772	0.0772833479680438	-0.00577660845187078
-0.0263552706932388	0.0110402540856124	0.0610278175486092	0.0274338551733559	-0.040604586141212	0.0429176118495456	-0.0175091863528399	0.0272263698706404	-0.00742260782770343	0.139239190823233	0.0582260481203546	0.0258441225507666	-0.0144276222823238	-0.171142774952284	-0.101443458723919	-0.0118480790175242	-0.0480195465817218	-0.0162707903964165	-0.0458147560529963	-0.156835790630514	-0.0147656345790616	-0.0600690863080071	0.0636725751653894	0.0339031161242951	-0.0502341842886389	-0.0888263928161858	-0.0475324031818318	0.0384504392975153	-0.062559674152443	-0.0537912539252279	-0.0688183023848662	-0.100553941873655	-0.0514913046982862	0.0245157776464442	-0.194917360237369	0.00878978294822499	-0.100509998355286	-0.0628546313032244	-0.0250199587945119	0.175852431983301	-0.0130609273874387	0.0545837824745487	-0.0267284553904901	0.00188081341131424	0.0744288505162703	0.0192648182245953	0.048319838672819	-0.0736276564732027	0.0866729810607166	-0.126030271378496	0.0202096270380883	-0.0971334064833837	0.0148674795642428	0.0645257896432731	-0.00114747740388209	-0.0306824929413915	0.012252649972917	0.0234030875467835	0.0800552709965124	-0.0077863949906038	-0.186571404189006	0.0432816293512681	0.0635296307822726	0.0115739098641935	-0.0605485667148203	-0.1148178928886	-0.0290407392444891	-0.110960930775919	0.141447683792313	0.0112457776501365	-0.161718947386988	0.0431719810851499	1	-0.119128631906034	0.0432833160333172	0.190412356551706	-0.0143752335653834	0.0520643039069034	0.132313877301328	0.0435530248996812	0.104529100806253	-0.0549505089153066	-0.066975008050985	0.0568711143837271	0.0265130520061735	0.0194287948480068	-0.0342969670808401	0.0179075458313354	-0.0283827859091557	0.0102522436769834	-0.000751544652575402	0.0169675095564151	0.0216759191726961	-0.0463782789782081	-0.138897323997369	0.0575003105457447	-0.0793509220984937	0.0448302846629233	-0.158038295373001	-0.0327897400462578	-0.013328200825027	-0.156551069711149	0.225051915086032	-0.430299073356794	0.0289196735838494	-0.0579338572932614	-0.112490631166167	-0.0551571317897297	0.116249870389384	0.0955302183312264	-0.0514278463093237	-0.274278173792169	0.128806009490957	-0.0958292537326655	0.0720030414253713	0.0117759322899808	0.0138025409080644	0.0176162817184378	0.0369778581470281	0.0951388131152621	-0.0398345800050614	-0.13028470095929	0.0603286492528547	-0.134978712391551	-0.0729622267798694	0.00373781379062996	-0.0662985618306648	0.0397484954730891
0.0561147924692412	-0.13771124428905	-0.114674354759701	-0.0216551883004651	0.0185595601605256	-0.0260836932530286	0.104212287402058	0.104051531715402	0.110006860974684	-0.0534164586155758	0.0327598394483402	0.00772822383938288	0.0187246752331566	0.00193849565677533	0.011567189721943	-0.0321361459709502	-0.000299073103160159	-0.0064726133660121	0.0661941196057144	0.0875232772042031	0.0177118015569027	-0.0172586996632682	-0.0467956437748055	-0.0600825448090293	-0.0270690917600021	-0.0522962089082954	-0.0076437648369466	-0.0886290903105712	-0.0579786897802461	0.0815302748611774	-0.0561819059195673	0.0111824585116933	0.102919408476455	-0.0296136670025695	-0.0678023293756624	0.113149695388101	0.0101271279779011	0.0770197895541853	-0.0553121187597807	-0.0669437782763119	-0.0488482019092461	0.109955131670977	-0.112542421505294	-0.135612802372814	-0.0530719536681248	-0.0248783616757126	-0.0578151671034112	-0.00944760532889278	-0.0766748166987079	0.0345436228450662	-0.0794877511021097	0.109174237254683	0.0741764903398801	-0.0316792707434354	0.0400501909568829	0.0195015129464913	-0.0788628209017108	-0.00305889289131765	-0.0119849053129902	-0.0205174799417332	-0.0185865614774326	-0.0280892741403854	0.0824776500768092	-0.102455906239154	0.0681596934024155	0.0226218218125269	-0.0147437061601132	0.12474856120142	-0.00192913447212739	0.0917691011161008	0.0920925357427483	0.0566327961619997	-0.119128631906034	1	-0.0559971495429935	0.161958516969402	-0.0092969598057575	-0.0221129426350444	-0.0381641634359011	0.00116933147057131	-0.110179556231201	0.0145187863481506	-0.0247665159413373	-0.0972710867600096	0.12556228107406	0.0538819301012962	0.0494692323645125	-0.00786988503003714	-0.0460717201253204	0.0087674918574747	0.00393997927741122	-0.00563993253685446	0.00646243018227001	0.0548972284046614	0.127987109245385	0.0750924182360328	0.00177292145571887	0.0861635573462591	-0.012747386561479	-0.0369616387618487	-0.0508415929822494	-0.0467118257388607	-0.0692645735142721	0.0702173609014781	0.00222596330647474	-0.040444304105099	-0.0753104254087435	0.0914134347728242	-0.00606905840473799	-0.0733067882756795	0.0532341841165276	0.0458188895622198	0.152224048871762	0.0183769201344256	-0.0305732550616877	-0.0653165457505321	0.0545880996107415	0.00545594219340831	0.0785450721722444	-0.0473087306205817	-0.0117111502388045	0.00204499584088008	0.0793782737168742	-0.0590870142476366	-0.0736120081549197	-0.0443982053362892	-0.0259533426115836	0.020683789884828
-0.0211442663380799	0.0291034782705917	0.0339875262293038	0.00105937959314615	0.0334400824634466	-0.000906527351406817	0.041682681516613	-0.00813942084498455	-0.017539185722709	0.022271430462719	-0.0184270369581394	0.0659673420333968	-0.0040556106287579	0.0220622495731258	-0.00996228557661375	0.048597597635358	0.0070927167379226	0.000196279991036678	0.0547608573958051	-0.0416317369729337	0.0248077356061607	0.0191726765079078	0.0318107187362821	0.0783482372349597	0.0201871803753275	0.0078170314147048	-0.00589368266099008	0.0408859561124282	-0.0714719218170039	0.0493031832005534	-0.0105640606384893	0.0751023526257556	0.0990969027581704	0.0123493621898969	0.0362448899908925	-0.00407050793340418	-0.0219277844378352	0.0298696669140093	0.0972459443292724	0.126177893751958	0.0294973883917777	0.0616446165183517	0.0258480963278894	0.0982949208789447	0.100933579110974	-0.0276089735123194	-0.0554919231189998	-0.015536178133036	0.0367495475723984	0.0162883547558819	0.00367902805949993	0.00151737638700324	-0.0343405304360139	-0.036265375681285	0.0991571729441439	0.0167682319883322	-0.0324663427769307	0.0743457165936038	-0.0234332239631829	-0.0268172892063141	0.0347575136398082	0.0455371081517796	-0.0534800813117189	-0.0137632410676616	0.0451289460241822	-0.068627480382628	0.0731771048182184	0.0037077212689581	0.037167471007926	0.012774128618742	0.00897723251389516	-0.0348742433715346	0.0432833160333172	-0.0559971495429935	1	-0.00133616947150408	-0.0266019542843185	-0.0241819569610841	-0.0148600667815596	0.051974606482197	0.0933230334924465	0.00513816354678509	0.00505290731553348	0.0728617475369549	0.0126121893370311	0.0376237308340763	-0.167926831702977	0.0352821944839174	-0.0407120930919237	0.0426676837147103	-0.0298682177152543	-0.0768315454456734	0.00219540206160401	-0.0514431143577778	-0.0650390475408686	-0.0781586538642079	-0.00492579198538286	0.039180577171302	0.0114515731727303	0.0219540673934097	-0.105937010378878	-0.0286960155907191	-0.00211583552650505	-0.038647745309919	-0.0288220802133808	0.106018702904167	0.0724025170519331	-0.0899326380288517	-0.0553717683377105	-0.0349612233678967	-0.0649486297951881	0.0129488346818588	-0.0868402929231256	0.0496727903051452	-0.0335949833590141	0.0736019722143703	-0.0424367295949092	-0.0650961614531219	0.0376398529564002	-0.0458243713467123	-0.104351647217949	-0.00049922268674968	-0.0227037464576136	-0.0172913123490392	-0.0457222593659817	0.0574472729366039	-0.103096634287947	-0.00988458087237557
-0.092049046843552	-0.134208988426379	0.00315115413302436	-0.0627176854194179	0.0338527926480699	-0.0164192516786334	-0.0419105675326753	-0.0120566427865618	0.0809770578097224	-0.0337781784708321	0.093476684481528	-0.0257486228697162	-0.0478357330429114	-0.0694997678162867	-0.0342205408055446	-0.0232794789182557	0.101970118400135	-0.0454651481850226	-0.0123545043390738	0.039618945544235	0.033455911437906	-0.0413201761148622	0.0204525226015692	0.0860647057607557	-0.00155013131030778	-0.0936836507307175	-0.121463781219953	-0.0619971508335228	-0.0678711795279151	-0.130103057292682	-0.0638924144117741	0.0145685389546786	0.172888153308107	0.085614315134637	-0.148602085812937	0.115542463026988	-0.154477787709084	0.0608555311904058	-0.00790033100304964	0.132915312817218	0.0625058056647577	0.197445190829696	-0.16926610042288	-0.0041245125703522	0.100922052451148	-0.0404938571608825	-0.11231173167399	0.0588450506547895	-0.0365467510874776	0.0451346929581052	-0.0606490739727478	0.0562006027659859	0.0605282311664054	0.00336173886807412	0.0303862601515128	-0.0319750870460549	-0.0296002143390761	0.0635735990339368	0.135696150253398	-0.0164870567850332	-0.0679700316876752	0.0209359832228034	-0.00514503555788975	0.040497994205384	-0.058227948822518	-0.00590805711452539	-0.0351702939164554	-0.040628511157611	0.0196820647348166	0.0796003112852158	-0.0393318921820147	-0.0488083178421026	0.190412356551706	0.161958516969402	-0.00133616947150408	1	0.00582886114787228	-0.0228448078275508	0.0676321743112413	0.0655587844538663	-0.18109560633696	-0.0291299126547393	-0.0990903048432838	0.0645882665051197	0.00242537559806101	0.115488201421553	-0.116442448137076	0.0171218859876537	-0.0214614878574213	0.1256919943568	0.0659230822292476	0.0740372596003747	0.023366798798293	-0.0244520920804161	0.0698524821371468	0.0749809778629813	-0.0238421463357613	0.027074463738307	-0.0403294230448766	-0.0414533465972932	-0.00181928644882954	0.00771329861607737	0.0244601602605807	-0.11665862517897	-0.000754167880534871	-0.123080897740002	0.0204146852453395	-0.0170618651544593	0.0836287742126759	-0.0791670201788685	0.0664934306489587	-0.0215440127104117	0.0437331567081339	-0.0964611040568721	-0.0625162699183709	0.149415074131345	0.0522241755746612	0.0576917013068873	0.0472699572783331	0.177962734011077	-0.0481208503269032	-0.0229255558477809	0.126756985044683	-0.109305227088656	-0.0849113359805452	-0.0618231116977212	-0.111224886173863	-0.0514790199920391
-0.046651854653364	-0.0137221279727676	-0.0846659122572124	-0.0545723660313862	-0.0358768654827954	0.0404414813887286	0.0192329107906212	0.00134921844049856	-0.0589590768895516	-0.0665032327533726	0.0374969474978797	-0.0041297570774076	0.0875002117037054	-0.0100309847486736	0.0886609031976872	0.00275912738463174	0.0615823353299819	-0.145928223127711	-0.0536593510123387	0.00674201720982959	0.0310572186309462	-0.000642503175080033	0.0884093653542465	-0.0942929694796854	-0.00335802986883689	0.0826038373589362	0.0504198596431239	-0.0286830462396182	0.0442620294849344	0.00908069114537525	-0.0224129897878543	0.0585242080398531	-0.00736599346614004	-0.0523877825169734	-0.0534329284633673	0.00975044893483514	-0.0121753953775962	0.0292093568194642	-0.0407241632871778	-0.0872152027960848	0.0174432181767834	0.0210986841852299	-0.0795935621987213	0.0336391194887718	-0.0218292719334623	0.0274208420234325	0.0240131580563606	0.0339127823544729	0.0240578723331886	-0.0521512356483913	-0.0437375633834622	0.0706170329304055	0.0444674767844967	0.0622924075962053	-0.0957993951541486	-0.109399862018562	-0.0593992366558754	0.0568232968120999	0.0225193193861528	0.077497517449162	-0.0715993461864764	-0.0312835028839689	-0.0283266278704631	-0.119506710283487	-0.00414481668873521	0.0307860878882644	0.00261971909123604	-0.0267537498123938	-0.0786548967615559	-0.00706353264794593	-0.0968781001958456	-0.0497983389495599	-0.0143752335653834	-0.0092969598057575	-0.0266019542843185	0.00582886114787228	1	-0.0317595538053772	-0.0086733201993683	-0.0920835508072004	0.00103154695829965	-0.0387534691207719	-0.0349895244168119	-0.0134357152260626	-0.0348948551415275	-0.0478160493422829	0.0171213338695021	0.000390919321480988	0.0258573083126569	0.109142272129613	0.049877790828451	0.118805018517928	-0.0751232381974562	-0.0130963919146473	0.0255011856735318	0.0975991350323179	0.0144584629909114	0.000887546585069656	0.0433988932835877	0.061808148820812	0.000282077068730441	0.0180462265082248	0.020524215063591	0.00609128131847423	0.0754039485507325	0.0535558451725217	-0.0888118862566922	-0.0368776716546	0.0921095349410693	0.00675541734273357	0.088506553926433	0.0119130091046301	-0.0151686160961026	0.00300055747239737	-0.0211487796367992	-0.0211443819598944	0.0346837004822401	-0.0149839161268043	0.139454792666616	-0.0960339076930761	0.0616434079897928	-0.0515884119152871	0.0268761892071977	-0.0396080237272056	0.0574818042069634	-0.00493263068405673	-0.0629107885478128	0.0894969168883593
0.0367227827060682	0.0721378270824743	-0.0339459688511236	-0.076071328690809	0.0516678397238466	-0.0453126451010339	0.00823411573256142	0.0324904848853134	-0.0101573698203118	-0.0613876320059203	0.0171178108483066	-0.0191398800431401	0.0257986565595237	0.0572606397607164	-0.010576405359435	-0.033578394375925	-0.0397386635140707	-0.025761229947286	-0.0121697275874692	-0.0195979057111733	-0.0899739991386579	-0.0210138433172891	0.00243533427540153	0.0766846025780534	0.0229692129596952	-0.00129603679829365	-0.030616563716697	0.00427670994850338	0.020901243076669	-0.0669027707900963	-0.026667365045482	-0.0216156614243613	-0.0226338451902655	0.023164965687597	0.0246933873666153	-0.041119437668141	0.0449622788771487	0.0151868100488401	0.0282038997404265	0.082045243093119	0.0217242856258027	-0.00476614309390668	0.0072203738043567	-0.00668247464489713	-0.0499806168507603	0.0109319726233507	-0.0159628970184638	-0.00551104421542922	0.0488061007893239	-0.00189207551904768	0.0366887680268811	-0.0858376153645412	-0.069611913447284	-0.0412461987830011	0.0105924678883317	0.0492771229505663	-0.00101252718535196	0.040507663893495	-0.0254204445083396	-0.0298266655874014	0.0454577769400382	-0.0443859024346334	0.0377023057530359	0.0355552480574754	-0.0792837814387412	0.0248352959777486	-0.0172057807414528	0.000243802565204404	-0.0183014450472197	-0.0176355095567794	-0.040217488760125	0.00428909936533007	0.0520643039069034	-0.0221129426350444	-0.0241819569610841	-0.0228448078275508	-0.0317595538053772	1	0.0466486018199783	-0.0105121639918645	-0.0140060898425748	-0.0715274757163221	0.0153914453227111	0.0481805725028227	-0.0499459252056943	0.0371643632656073	0.0381918833504958	0.0660634855241676	0.0112863482352126	0.059887113290381	0.031654740616458	0.0356101963977449	0.0161943500283893	0.0410531403522836	0.0343264270720272	-0.00863832139177682	0.011364100142918	-0.0574862986957451	-0.0187143720685724	-0.0141553888397836	0.133138403177976	-0.0529319703394884	0.014367014950579	-0.0675406092628844	-0.0514272966469453	0.0192622477396522	0.0125472574623463	0.0327101769774312	0.0310803086877193	0.0166246513835555	0.0457856599117819	0.0398707227579451	0.0378858162558044	0.0366963527112096	-0.0300142484100258	0.00428304593890979	0.0295985844027655	-0.0272063984838726	0.0186185803284704	0.0810552716001808	0.0230091379242346	0.00327519058290315	0.027777163320557	-0.037125785495862	0.0175572050939998	0.0535826496731457	-0.0275818438375168	-0.0391433579852305
0.0891130540827814	0.0520014191143095	-0.0168814676851401	-0.0534282795206813	0.118608650742171	0.0400623308276568	0.0455663665703517	-0.188917784458384	-0.108812094161924	-0.140786041055666	0.0607357604400235	-0.0338787888466774	-0.0135588900582288	-0.0223058720656704	-0.166969227809272	0.0190832444008711	-0.0747234798402747	-0.148168222413099	0.00711914283631344	0.0348889349235034	0.0286989965372177	-0.028275509301916	0.0977827415859675	0.209750643516948	-0.00463995903334124	-0.0446125875934386	-0.0394218694628553	-0.109417883886803	0.0280895115812775	-0.00500802938350169	-0.0231042906741484	-0.112094316471527	-0.0269088052762201	0.0689606637557105	-0.117573495048701	-0.123945997000511	0.0760873702923296	-0.0854838920453727	-0.00672196894971184	0.230746587636546	0.0141645962504473	-0.0956335321517533	-0.0211550324277143	-0.0621500405775982	-0.0307171243271495	-0.0645444428914605	0.0495528150698203	0.0827391358681662	-0.1174746497017	-0.0972859042675718	-0.0273884918119199	-0.138564870310524	0.0445532352863262	0.0817715214570947	0.0140310147726099	-0.0327579777704542	0.0499633607976076	-0.073407794364878	0.161171903429694	-0.0327603742115543	-0.147078148202688	-0.00619924048762634	0.0233631119282307	0.10150397903154	0.00673314288296865	0.0221509972793623	0.00299876311395773	0.00309483562226842	0.156014529750065	0.0480609639762258	-0.0598992630766741	-0.0316412581535912	0.132313877301328	-0.0381641634359011	-0.0148600667815596	0.0676321743112413	-0.0086733201993683	0.0466486018199783	1	0.0535929083378088	-0.0680306659741119	0.0919323556674409	0.0370855048209318	-0.0605002813437808	0.0614666736091342	0.278481191041793	-0.110642163370248	0.126093217234326	0.0158498304357989	-0.00196827590268886	-0.0686129482568788	-0.0334637172599707	0.0105958746194519	-0.0590430064121892	0.0637346217458766	0.00292035896388109	-0.235111120888765	0.113879042792694	-0.0675558397671863	-0.0476327377782172	0.198489383833447	-0.0046447179490784	0.152132134723232	-0.324717080045856	0.0230712539436085	-0.11364241203265	0.0851193055052799	-0.0473780750742691	-0.121243857549111	0.0625112639001618	-0.0486349859665979	-0.111262527171092	0.123382609978446	0.0295326850479578	-0.0247433202262219	-0.0570867140060672	0.10313572922239	-0.128222354597331	-0.0940743282587072	0.18237882773153	-0.126709697533362	-0.13864045411783	0.0746232526202855	-0.171308406148877	-0.178305074479847	0.00973134665421604	-0.0572251142558949	-0.0841293647455773
-0.0158548690557327	-0.015536445802293	0.122110908113024	-0.023164726823243	0.0242839047833203	0.0720301451731725	0.0141695705238922	-0.0628656491460023	0.0190839561482331	-0.0551228963643581	0.0029330793797522	0.104856626968093	-0.0321177487290625	0.0750508804399615	0.0154865158987257	-0.0250095256452766	0.00327500528243524	0.0772354759369381	0.029550008285114	-0.0528742934691929	0.0100573761586877	-0.0239168109313204	0.0228810123707252	0.0818472119136675	-0.0212319584186342	0.0386692729552913	0.01919626448125	-0.00612327024190682	0.00861927435600251	0.0522837703874007	0.0621679263280051	0.0372394282681022	0.0399219046650819	0.029393473994207	-0.0831829581956633	-0.13123988334652	0.0180375529395483	-0.00175558246299201	0.0230929383848203	0.0238409021718191	0.014523792269579	0.0181317179529592	-0.0565401746471971	-0.0510631625351873	0.0448457508826015	-0.0568259935733561	0.00822204731879811	0.0816569995069698	0.0515959616480141	0.00275173782441605	0.0219490031154287	-0.0464525996525057	-0.0797220830897558	-0.00833482208322089	0.0586872175222526	-0.0131914618331004	0.014502054457836	-0.0218060399455553	0.0117593905073084	-0.0222588764845206	-0.0602729907004889	-0.0561955814935136	-0.0669046992374974	-0.0204818241745346	-0.000962279665080197	0.00408867512937323	0.0653543657625332	-0.00145344905498004	-0.00623741694562011	0.0134009972049546	0.000488374994924561	-0.0138737422437254	0.0435530248996812	0.00116933147057131	0.051974606482197	0.0655587844538663	-0.0920835508072004	-0.0105121639918645	0.0535929083378088	1	0.0044412830061427	-0.00225077276143845	-0.00828453899284562	0.0113095456948285	0.0197346640868306	0.0293895807782286	-0.0776434735417325	0.0643406802969576	-0.0254788883990877	-0.0437709246584238	0.0268429375640337	0.0813203692294386	0.0945210484156633	-0.0125183942561055	-0.00358007136253269	-0.0404087881866856	0.00305825986549393	-0.0535631055246263	0.0106769159356825	-0.0829808810049027	0.0190169784327478	-0.00786670972156063	-0.0652587512345299	-0.00298995336761677	-0.0113907097257708	-0.0465373870340102	-0.011212100437473	-0.0372542808228124	0.0128880879229676	-0.0613408444308144	-0.0691753143747682	-0.0447624325444989	-0.0327545100864583	-0.0976202156338057	-0.033245820323255	-0.0208219761320599	-0.103544264094228	-0.027516024991526	0.008530638151926	0.0920807760397788	-0.0963694396211555	-0.0832240844917343	-0.00683951478486405	-0.0239479364681622	-0.0175066272385471	0.0194862740280274	-0.00457529077624483	-0.0427084299137057
0.00313136475820096	-0.0261410576042123	0.202028243627498	-0.0544808173184105	-0.0753628072879734	-0.0506024167845132	-0.0389317622159409	0.0468675097852757	0.035207931219018	0.115261874993394	-0.0682468373463521	0.0952405658352126	-0.0106937321957942	-0.0363422061569822	-0.0208045788557908	0.0931136837102508	-0.010306033621887	0.112018112119361	0.0517188625183343	-0.0435109082295045	-0.0624948566329396	-0.0460767281568931	0.0636239566074036	-0.062791526169865	0.0151533115799818	-0.0153941135850239	0.0449229586871941	0.159090734017818	0.0577432722932698	-0.0542690360301835	-0.0301367404003501	-0.00127135536510105	0.0506954509749723	0.064128613488375	0.0828557258956659	-0.12531099467074	-0.0378066899519525	0.0014425145578368	-0.0224859059551829	-0.00412925120467443	0.092159885417093	0.0137716131064606	0.0387304910071518	0.0992740192210968	-0.0468578880861861	-0.0235649178405261	-0.0215409192740326	-0.0270401623813083	0.0926451743335876	0.0102050641962704	0.0511507456147421	-0.103412864100816	-0.0702746277407204	0.0812029727455258	0.00144111498406153	-0.0564408855858254	0.055199500105633	-0.0292980195970829	-0.0835463327489065	0.00895821117070001	-0.0713634796953438	0.105558043519009	-0.111644214325728	-0.0394199775314269	0.0122899630949646	-0.0577621685221251	0.0410876347456075	-0.102863656358514	0.0548475928326579	-0.0417631381956281	-0.0200908894415484	-0.0742168022222068	0.104529100806253	-0.110179556231201	0.0933230334924465	-0.18109560633696	0.00103154695829965	-0.0140060898425748	-0.0680306659741119	0.0044412830061427	1	-0.0286085969075979	0.00470027199868311	0.0335107163717327	0.0575603934623479	-0.134342580250583	-0.0927505993435472	-0.0203768503105474	0.0612556229388111	0.167664511198849	-0.0541963971350611	0.0200654004715994	0.0420501739155536	-0.000246353516237731	-0.0689840490780562	-0.0934750854434548	-0.0677655456075772	-0.00941335685348571	0.0941195512524598	-0.195379513322678	-0.0433164533230868	-0.100934074768465	0.0479966825408814	0.00652996039261298	-0.123094957804843	0.12838102216075	0.0502811129866212	-0.116381737745319	0.12660792886174	-0.0172815697926391	-0.00779048482204373	0.0109901923297978	-0.0652450643411668	-0.0728960886946344	-0.0316984828062478	-0.0226740788659997	-0.0542661089840127	-0.121157689721539	0.0578911500296228	0.0138020771594788	-0.0432284466289723	-0.0268466182936691	0.0626768971391512	0.0907743884227163	0.0725186333149282	0.0210494678251705	0.0104553006647205	-0.0533220098351843
0.00656521265221359	0.0208525090891424	-0.0295538976930096	-0.0341949994180572	0.0543311037602966	0.0773297495611322	-0.0364321814624156	0.0293255914882545	-0.0474363175798178	-0.0367237839843527	0.0526977503022116	0.0316504781351746	0.0294448913386014	0.0841339697800069	-0.0568887495386607	0.113918524599818	-0.000653075056969151	-0.00949306143016709	0.0507759110565907	0.00858120021621888	-0.00981369417774276	0.0723825294192557	-0.0557130741608448	-0.00447445503469549	0.0361637068967663	-0.00946152909969634	0.0230956414750649	-0.0450147174114041	0.0621271040961598	0.114099823303087	0.0125471204684125	-0.0166385883956218	0.0654656452690279	0.0836852144331105	0.0709631651478741	-0.0652088338678668	0.0824855952652086	-0.0222688748528535	-0.0818158921796035	0.0825997445039361	-0.00150088475440867	0.0477641280906978	0.0335768274818224	-0.0045823366451602	0.0209153334984541	0.0314519626773375	-0.027218472218957	0.0129001367304174	-0.0508211704373869	-0.0504219705703166	-0.0205369749252414	0.0583104482480661	0.0310719011584394	-0.116844646576157	0.0466678866833019	0.0457562203072936	0.0140722523336779	-0.0470754776483573	0.150382749998171	0.0762308520007265	-0.0778200817746346	0.0138029266945737	-0.030671292435636	0.061374971689643	-0.0726634330614408	0.0927692196273029	0.0126155652097303	0.00192742996173362	-0.0280379369001792	0.0852646995862037	0.0457643141462329	0.00760329553035582	-0.0549505089153066	0.0145187863481506	0.00513816354678509	-0.0291299126547393	-0.0387534691207719	-0.0715274757163221	0.0919323556674409	-0.00225077276143845	-0.0286085969075979	1	-0.0580247620563639	-0.0570317027526083	0.0351875185480651	0.0736752309982855	-0.133677227957201	0.00411335775739922	-0.059190385202257	0.036617787403933	-0.160735102861509	0.0030269038327553	-0.0544123087352128	0.0238506077176614	0.0407621470933181	0.121896642137675	-0.101357097235189	0.104571106032728	-0.0292589257112624	0.0425446164681611	-0.022325622476857	-0.0111248851303527	0.00661844284253192	0.0847705856637104	0.0687617863411097	0.078189589694635	0.0228645525569955	0.00851774998398548	-0.0549336032605111	-0.0297429222305014	-0.0584232723947315	0.0460044675595656	0.107371486229494	-0.0801997730373235	-0.0741474259573521	-0.00962548291889656	-0.0825476264644725	-0.0814727765464831	-0.0709804834648847	-0.0399346375628689	-0.0129027510339641	0.0172826198978522	-0.00286674985568268	-0.0394635348751793	-0.0380109442414548	0.0120406873146398	-0.0450672948132196	0.0567326835366389
0.0842731679822498	0.060705437218065	-0.102761098812653	0.0649561774136039	0.0394571570461012	0.107787073703341	0.118313335104371	0.13247212954005	-0.0416443483037493	-0.0884108020798199	-0.0320896927483909	0.00969474450244871	0.0622698478984653	0.00125750322689344	-0.0234456930166125	-0.0490472213631621	-0.0855425558447396	0.0128305319440609	-0.0588110414304486	-0.086256225873066	-0.0537463835953095	0.0993331939320443	-0.0505304036597249	0.013432800472582	0.0244015203746232	-0.0463701406569391	0.0735562194123747	-0.0830670286046914	-0.00439474346802462	-0.0592295053039699	0.0856503422118537	-0.114419278037396	0.00285073073783431	0.0525282390182306	0.00390939997875829	0.0333463731224705	0.0384133187384637	-0.0235075663725891	-0.0543866832401144	-0.123880497448262	-0.0350805271240622	-0.141961618335029	0.0998994714545451	-0.0247806203123413	-0.032188677646759	-0.0323113654142452	0.0609224676188562	0.0602083522342154	-0.0494392624650398	0.096089333489814	0.0177699409068059	-0.160301739317959	0.117614804092134	0.0196292738252087	0.0938087895002709	0.0505062973009486	0.00980227748708363	-0.0625494974738716	0.0277792476303076	0.0528317250233492	0.0928075559423027	0.0457463254654988	0.090027788889024	-0.0130203316652701	0.013007378428642	-0.00131011028569996	-0.159123093332045	0.0286079092349215	0.0783275961473076	-0.136547496114827	0.0412516962638631	-0.104184543351265	-0.066975008050985	-0.0247665159413373	0.00505290731553348	-0.0990903048432838	-0.0349895244168119	0.0153914453227111	0.0370855048209318	-0.00828453899284562	0.00470027199868311	-0.0580247620563639	1	-0.134180729082476	-0.0438507832078245	0.0941470756134296	0.00541729696760895	0.00933749306156619	-0.0373464870046219	-0.093824538331866	-0.0132693474585288	-0.0957579170351611	-0.00861710797608014	-0.00557074270861232	-0.000748964935823146	-0.0494699003217796	-0.0318098940255931	-0.0121312632393334	-0.11904967091205	0.00304912155458502	0.0774043239426676	0.0768543781223093	-0.0788699340200712	-0.0220307911716161	0.0749727242047339	-0.0235014937202381	-0.0268804647713668	-0.0566207027326093	-0.105487512505165	0.100351907938564	0.00419326059319242	-0.00835560065068563	0.111175419761297	0.128263250326163	0.0242031734344791	0.0562836570138432	0.0113026955693725	-0.0445599947908925	0.00619145189617635	-0.0592386390983389	-0.00163336270817296	-0.0821405011796474	-0.109800063134147	0.0185522389749595	0.0116855564186034	0.0068288014628962	0.0744544140931289	0.0474111415165397
-0.0931706290764475	-0.0268830198780965	0.107804622888391	-0.0641302421455468	-0.103276149034359	-0.0537696836534583	-0.0523622536149712	-0.00814412127508642	-0.0459344754126237	0.11774275442113	-0.0689149696216591	0.0435844175521609	-0.0647743797392895	0.00565291019748928	-0.0182958458468514	-0.00216134662315266	0.0749681545454039	-0.0617921178332407	-0.0145613077565143	-0.00853662201469076	0.0162348532174291	-0.0769644631642855	0.0708570124822426	0.000464502323334421	-0.00741994198456712	0.0535485981417304	-0.04724381295483	0.00226280072020359	-0.0652733729555969	-0.0216338728142825	-0.0198582297495911	0.0558876825508765	-0.00830004965644941	-0.0252468456228283	-0.012937577916882	0.0792566718310884	-0.11332463249929	-0.0251911095401854	0.13292748569553	0.120130751399762	0.0475921305666096	0.0613819645842136	-0.0304956219396972	0.0866460887069149	0.130014084641512	0.0539145150795885	-0.123043954897847	-0.0493036025359165	0.107625378461622	0.0960913377666269	0.105764204921277	-0.0777309617879626	-0.0273161562324856	-0.120896098804289	-0.0235121968730177	-0.0123991645651188	-0.0261805863828912	0.155160836539962	-0.030040649883448	-0.0811653193472571	0.123336755594249	0.0231779937130329	0.0373193586040733	0.0613936818157484	0.0335139680463571	-0.0161578302244394	-0.0276197057425957	0.0362532069687439	0.00563188060313843	0.0214920155004537	-0.0496319761879004	0.0688488581131131	0.0568711143837271	-0.0972710867600096	0.0728617475369549	0.0645882665051197	-0.0134357152260626	0.0481805725028227	-0.0605002813437808	0.0113095456948285	0.0335107163717327	-0.0570317027526083	-0.134180729082476	1	-0.098411715364573	-0.0391820693864554	-0.0266159600126739	-0.0665034345909285	0.032044783091975	0.129665279209801	-0.0207684700158986	0.0147485865994675	-0.0121390043863841	-0.0233099454274819	-0.0984074132515311	0.000735970674211079	0.0418655363101028	-0.0188085803973161	-0.00778093741802438	0.0544222395887728	-0.0362823506904044	-0.00405152997112074	0.0395574494238404	0.0148561769776065	-0.00247887599127877	0.0831506144060233	0.144673227389197	0.107914409199126	0.0506755681132131	-0.0773564818700438	-0.0306776437488011	-0.0395439751607225	-0.0919362428152832	0.00863983597648325	0.0127601184481251	-0.0109638207422188	0.0345517264032016	0.135133751794735	0.024013117958099	-0.0244217229867235	0.0136647802424936	0.0205154740170463	-0.0749446113079059	0.0380205399207134	0.0758185141626374	0.0175948650803943	-0.059935880038383	-0.0623628840096373
-0.00853687790563042	-0.00380203861980906	0.00152904867901038	-0.0293170110604875	0.116743048119963	-0.0106313440077552	0.0236072169942635	0.029477363797252	0.022257860523037	0.0115274907285105	0.073527138771794	0.10278462422432	0.014505160092397	-0.0650830302099474	0.0512634927584704	0.0723021898793717	-0.013233545626915	0.0321171462134648	0.0647841387871733	-0.00438813211280926	0.0207186606347334	-0.0215153765133633	-0.0211257963609264	0.00395964587738025	0.0553240783133948	0.0240028970503941	0.000747900502033082	0.17005727788807	-0.0156239485360373	0.0710537563446148	-0.062774665850162	0.0554283180133271	-0.000321631510877402	0.040346698307449	-0.00338271930027246	0.0457771004837312	0.0153968383717057	-0.000864743484506892	0.0217870121556389	0.0616151345286331	0.0293909484804416	0.0478180816117093	-0.0050941615936279	-0.0112540664524558	-0.0112352448821223	0.0283016393400309	-0.0476728552680596	-0.0835191290707601	-0.0384488503287807	-0.0778377478664711	-0.0245052364438701	-0.0478538862172476	-0.022764785375634	-0.0975286953382824	0.0282567908506383	-0.0932946406016996	-0.0240566967598995	-0.0400677687416516	-0.0112958517199193	-0.0325496145100653	-0.132668094803169	0.0894540171936689	-0.19305869507094	0.0248022132856599	0.0180646208393498	-0.0317951857784244	0.0346916022205378	0.0550675310097574	-0.131711026760473	0.0252155610536254	0.0594275418963932	-0.0158385602289413	0.0265130520061735	0.12556228107406	0.0126121893370311	0.00242537559806101	-0.0348948551415275	-0.0499459252056943	0.0614666736091342	0.0197346640868306	0.0575603934623479	0.0351875185480651	-0.0438507832078245	-0.098411715364573	1	-0.0412181349230648	-0.0869253305172835	0.00794570202902802	-0.116249800472124	0.0180441133266047	-0.122797775122305	-0.0628917238229908	0.0725530751509679	-0.0519812901392201	0.0252523875898544	-0.0476349313994238	0.0595015292592718	-0.0240818872607471	0.0290686974438435	-0.0971430902464389	0.0372541270823683	0.0180731180859727	-0.0735627893722173	0.0135330889388645	-0.0489954322641597	-0.0137960230621053	0.006046344268268	-0.000759459878229236	0.0239042189217742	0.0764075431579802	0.0455777381351718	-0.0215313356366106	0.0133125137243051	-0.124065474737858	-0.0652628036655072	0.0789569546101255	-0.0555721008735769	-0.0119164788869485	-0.0951585897437314	-0.0155795715935738	0.0721432658455414	-0.0261738280362473	0.0870039907118344	-0.0643434465286461	-0.0216678894128082	0.0342974550943221	0.0597335167337208	0.023232209785848
0.147686063050075	0.125320269349109	-0.0822904803462737	0.0332784799689864	0.111191019308806	0.0639401898675908	-0.0202425488319279	-0.136923193842991	-0.12464184885301	-0.15067427114795	0.136045981401916	-0.0512954844640966	0.10705929174984	-0.0466811656743344	-0.126018069910652	-0.0398447238909416	-0.118998357576236	-0.0428647030194134	-0.0902077019892029	0.0418887387009262	0.00662771593546904	-0.0571023571777572	-0.00927579228876066	0.292405577204627	-0.0632674556686697	0.0100116600986611	0.0740446696230781	-0.113687774761085	0.077736767377705	-0.08435158217592	-0.122517820505948	-0.139233285009268	0.0376276349127969	0.108039913381969	0.0644254657423893	-0.153474113300434	-0.0266674361054346	-0.0563437017639181	-0.09907168928899	0.0676397754368945	-0.0832968380722016	-0.0757943895270149	-0.0409268157484391	0.00087040446033076	-0.10623782337023	-0.108199421095276	0.11918110368402	0.0475565990540135	-0.066033102802239	0.000268018278477839	0.0212660168471572	0.0602817647914193	0.118324142942198	0.0706832795101186	-0.00272552321681648	-0.049421522268002	0.024174555134822	-0.076824964894893	0.220847054641934	-0.0362608334951313	-0.0923847604890194	-0.0688941245802159	0.090713907454626	0.0462835210937857	-0.0504651540612087	0.0773526699410821	0.0448588814540266	-0.0190590255203469	0.0416669323577806	0.0232934954661288	-0.0661567937985025	-0.0125398157259604	0.0194287948480068	0.0538819301012962	0.0376237308340763	0.115488201421553	-0.0478160493422829	0.0371643632656073	0.278481191041793	0.0293895807782286	-0.134342580250583	0.0736752309982855	0.0941470756134296	-0.0391820693864554	-0.0412181349230648	1	-0.081518982286708	0.119309188800207	0.103049387174204	0.0208784894602782	0.00536872198537816	0.110014583789318	0.0592020739263926	-0.0976161049171171	-0.00823238306882519	-0.00193815595440036	-0.162398393734321	0.122510088276665	-0.191883587563719	0.0258121136052002	0.0851235465738662	0.00438169763867979	0.00225031527418507	0.141775220593906	0.036262749313767	-0.0541809161744466	-0.0173624460709984	-0.12675254957211	-0.152662179094572	-0.0300848771255627	-0.0329718486189146	-0.12837270103488	0.110874167047365	0.131150523678088	0.0590146023659436	0.0226715739648255	0.0695361208143483	-0.179378954274837	-0.161831514335827	0.102136752141868	-0.0780418016179978	-0.0639281612316764	0.0131018715805828	-0.089639899237593	-0.199852081581893	0.0108100030464406	-0.0852659966842492	-0.00200809044318433
-0.0627330892610697	0.0478850072635247	-0.0355706837508183	0.0465900942383049	0.00993707523803183	0.00455991045943684	0.0577772070189021	0.127399828793209	0.0150349521426888	-0.0418385256576714	-0.0821300088417915	-0.0793436443204649	0.0211381409203229	-0.137779945815848	0.0810158926749857	-0.0922050853056541	-0.0425865157360576	0.0139120733097522	-0.079786594454346	-0.0139901416847654	-0.0423434031753044	0.103269881138648	-0.116174217471037	-0.152158410394575	0.0627972960467459	-0.0550439973804341	0.0365754526431125	0.0374620128673458	-0.00610330963387421	0.0100251214956807	-0.084219317251612	0.0036680023995607	-0.143136766350615	-0.0480352126951637	0.00185803613222709	0.030341674407569	0.0661607739588196	-0.0104945458331579	-0.0243992103923038	-0.148112544322687	-0.0888193025745969	-0.0620424366205101	0.0539698435254846	-0.150370491103398	-0.0942129499688308	-0.0190699810186371	0.0209674249746124	-0.0374285651629877	-0.0916319625488543	-0.00581486637388596	0.115419470927759	0.0493373535911183	-0.0470322987702486	0.0157979789803647	-0.118149794649598	0.078585440217035	0.0930778122055527	0.0111226553880917	-0.128415014678009	0.0936102491405865	0.160723892161387	-0.10011762092264	0.0464776805575848	-0.0249305338410635	0.0141269064076665	0.064291793270271	0.0129941003416477	0.00883155807663724	-0.0691797244498179	-0.0568109677668834	-0.108371679581965	0.0117901737062439	-0.0342969670808401	0.0494692323645125	-0.167926831702977	-0.116442448137076	0.0171213338695021	0.0381918833504958	-0.110642163370248	-0.0776434735417325	-0.0927505993435472	-0.133677227957201	0.00541729696760895	-0.0266159600126739	-0.0869253305172835	-0.081518982286708	1	0.0167260102615546	-0.00479077789365184	0.0255224542582968	0.0760924248069313	0.0131854728703784	-0.0707294631870311	0.0408345017710913	0.0219310579534764	0.104070656593177	0.100974564157022	-0.0340051811953335	0.01965591982591	0.0964236294250656	-0.0207108595185313	-0.0555051695512936	-0.0207078544155512	-0.00892578750436322	0.104628551016549	0.014488471971339	-0.136546866083087	0.0173868796509748	-0.00155114638655385	0.0659657452759729	0.0335004751290533	0.0480412990537334	0.051628348650416	0.0431628187689161	0.231400525925068	-0.0582064224137058	-0.018006722008439	0.0388932047000509	-0.0468777582809099	-0.000145395142033218	0.0843710370638332	0.125489134855302	-0.129088068001819	0.0190257289761014	0.11166222328703	0.00100050988518993	0.10576435256661	0.0529431418154075
0.121260116121735	-0.0186991553791538	0.0508520307362087	-0.0908616671673336	0.0203529393156982	-0.0125638343323401	0.0689507782816752	0.00133722039899585	0.0171725800724491	0.0482989668530399	0.076123343207088	-0.0436001162121344	0.00134126017410561	-0.00728281791637009	-0.0172764872248004	0.0334773386877921	-0.0785524499643923	-0.0510187855725424	0.0421329095052992	0.0178982578397246	0.0257631215593632	-0.00473839497639347	-0.0374363143522799	0.0415299019156007	-0.00379001146709563	0.0235360207065714	0.0119252477658189	0.045852870561184	0.0206620838323679	-0.111302621412963	-0.0747967115590788	-0.0500249169147874	0.0529005745536887	0.0201957869658431	0.0399053736984781	-0.0653147346621182	-0.0588307288240672	0.0475655391912562	-0.00406942826084997	0.0679885508748755	-0.0962962134358659	-0.0283065769163443	0.0168852170182357	0.0608133272924059	-0.0702200853480133	-0.0182555731787792	-0.0776612904841556	0.0790615204031812	-0.0189618163578227	-0.0752504098084843	0.0455199009715497	0.0201416164979621	-0.0103459923813276	0.025295920642883	-0.048283568984988	0.0751472754837548	0.03576664393122	0.00847327576973027	0.0259692661333404	-0.0816502890252896	0.0314223880552166	0.000669471765412831	-0.128374194566896	0.0134948522506827	-0.0807465048395656	0.093372555814729	0.0315238328781159	0.0778372603838518	0.00674117347353883	0.017906985340683	-0.0261455366077268	-0.0105276427520088	0.0179075458313354	-0.00786988503003714	0.0352821944839174	0.0171218859876537	0.000390919321480988	0.0660634855241676	0.126093217234326	0.0643406802969576	-0.0203768503105474	0.00411335775739922	0.00933749306156619	-0.0665034345909285	0.00794570202902802	0.119309188800207	0.0167260102615546	1	-0.0229114270643214	0.0929842790922899	0.0138502991069307	0.0552459436680889	0.0791864605142664	-0.0448185800238452	0.00771999049161327	-0.0598548390610624	-0.0370589022349496	0.0195000981483881	0.0669321418267221	-0.0873785369019235	0.00949115823704234	-0.0747246922415172	-0.0301390312496683	-0.0635806711111741	0.0147474390822499	-0.0170543531241743	0.016573587108	-0.00971369645771931	0.0512227698952379	-0.105537324534498	-0.0409101139058096	-0.0340371067665029	0.0413827600535856	0.0030068360237931	-0.000231355379674578	0.00736325017393316	0.0198977901460011	-0.111263676706933	-0.0161677103137486	0.00241693388190944	-0.0177372566880184	0.0494392685363768	-0.0204322112536726	-0.0146867056242713	-0.0423691394257649	0.0156594793238492	0.0548928726449143	-0.034197749792484
0.0252315462525136	0.016462118825217	0.0433556466913694	0.115110730910381	-0.0316053241886157	-0.0584150087613428	-0.119576975832874	-0.0818800786835181	-0.042025906137418	-0.0747165836214654	-0.00659197444970185	-0.0269189589586402	0.0413799905419433	0.0597836474060789	0.00247387761965792	0.0537551639945562	0.0610472406897083	-0.0261091100912781	0.0431403560323774	0.087986182783192	-0.00689588740615396	0.00696853952835658	0.0499092431194491	0.0324096928216187	-0.22684760677276	-0.0194260570464463	0.0550407635097993	-0.0137637213176106	0.0260203469863181	0.0399945733459653	0.0564085289602056	-0.106006156851929	0.0622010787694311	-0.0307575870295866	0.00109008093748407	-0.0502634484318255	-0.106229260587971	-0.0860484590829956	-0.0463393445861748	0.029639374591247	-0.12131782139307	-0.0122334768835353	-0.00848986941336368	0.0341075413690671	-0.015676056199703	0.065381236638197	0.0489400418247065	0.0363526080249671	0.0310579225024581	0.00191423140749554	0.0423362397375288	0.0166829955424492	-0.0792187817595208	-0.0288045585553407	-0.0550303277622216	-0.033288323410204	0.00403497066416361	-0.0114041937323546	0.0278126957424223	-0.0743407362554978	-0.023658169804578	-0.0400427343162224	0.0466609618791033	0.0594290603334952	-0.0747603494910794	0.0640831414495643	-0.0497514731267904	-0.0393101228666235	0.151479631610502	0.0577468467136233	-0.0569449193090848	0.075613546749345	-0.0283827859091557	-0.0460717201253204	-0.0407120930919237	-0.0214614878574213	0.0258573083126569	0.0112863482352126	0.0158498304357989	-0.0254788883990877	0.0612556229388111	-0.059190385202257	-0.0373464870046219	0.032044783091975	-0.116249800472124	0.103049387174204	-0.00479077789365184	-0.0229114270643214	1	-0.00935298705107968	-0.0406131917775379	0.0193141992662019	-0.00328758746297833	0.0293005677588646	-0.0743079004802239	-0.0805320823950867	-0.0499516143159856	0.0468459244714239	-0.0466945938513618	0.031254832063157	0.0324247776593566	-0.0131473948950461	-0.0552715586945212	0.0349147792705467	0.0203099691551849	0.0463383326039152	-0.0267696186809742	0.0200746187746024	-0.0605450630886744	-0.0750368452594438	0.0352164866672058	0.00249767084623685	0.0176998537965628	0.0398735870112218	-0.0199202907827007	-0.0190649904352637	-0.0222261267574034	-0.0413742644125508	0.0105765426675551	-0.0463262304772607	0.0107655686006054	0.0329032439539225	0.0153226265240609	-0.0188058723127636	0.0444976850888049	-0.0322017549876306	-0.0280328082313457	0.00768012618789585
-0.0185316982374987	-0.134777823906849	0.0378177224691625	-0.112580237765098	-0.0584140661481433	-0.0428698668704214	-0.0100294374289612	0.108811598208044	0.113485078658799	-0.0225553440573438	0.0269363877636556	0.0919774432836162	-0.040516142916224	-0.0342816605029995	-0.00971276559788498	0.0569710733100889	-0.0505254673070684	-0.0801209218354294	0.0351195626848869	0.138137937182916	0.008962263748896	-0.143234387272767	-0.0218689210044915	0.0441255386946443	0.0683097228805475	0.082597680518172	-0.0372487380109936	0.209761989683737	0.0281722586043455	-0.146566382018283	-0.0716632570957937	0.056421710363842	0.129477097444612	0.106597832237942	-0.0102064820910185	-0.0539445267093154	-0.149484789067228	0.041187828241806	-0.00912105204953263	0.17441918423279	0.067970105688574	0.0703947873178139	-0.187262549693018	0.0309101870774886	0.0911896184164912	0.105437657865814	-0.0768523969565615	0.0357386716104534	0.0905804302129096	0.0586085395326102	0.0171075850468247	-0.00187796499331301	-0.0738542411083032	0.0219975106410308	-0.0783593701750941	-0.00581114069077905	-0.0580074681183186	0.157574201021439	0.153767795750327	0.104842272600335	-0.0247744701339425	-0.0663562176790596	-0.113237453928329	-0.0158413821008791	-0.0130978671091608	0.118006954389286	0.0867604982950342	-0.0687151490680548	-0.0645209926919449	-0.0864669627209913	-0.0729459844570791	-0.0704837591440808	0.0102522436769834	0.0087674918574747	0.0426676837147103	0.1256919943568	0.109142272129613	0.059887113290381	-0.00196827590268886	-0.0437709246584238	0.167664511198849	0.036617787403933	-0.093824538331866	0.129665279209801	0.0180441133266047	0.0208784894602782	0.0255224542582968	0.0929842790922899	-0.00935298705107968	1	-0.0487378405138472	0.149446527683283	-0.0339526258296091	-0.117931893510486	0.0266575074673695	-0.0234145856844581	-0.0200737767625145	0.0867520525721546	0.111474240708286	0.0026725104064426	-0.0769569597404845	-0.13422175060328	0.142892434679886	-0.0077400354219111	0.0293755332903463	0.172597586251966	0.0902980765964159	0.0651240797737007	0.128703965757858	-0.0656925823383087	0.00984326677730117	0.0501725072444649	-0.144108103237464	-0.0440199427774529	-0.086556386213756	-0.0581703655173066	0.099399323467836	-0.0280359596655875	0.155991697388042	0.0308872622628251	-0.0325589050839256	-0.0290229913989083	0.044225922721047	0.0525923842744283	-0.0058104280995979	0.0568806850737306	-0.075194690601926	-0.0556035689863677
-0.0804899744647397	-0.110550208229684	-0.0720095773852442	0.0555921630732519	0.0998003992931491	-0.0119512098141606	0.0385894046857168	-0.067666322684261	0.0934666392395319	-0.00979612701484346	-0.110219014924523	-0.0374973850690115	0.0710871817515626	0.00840601229279324	0.0518692147235383	-0.0797664767599785	-0.0736617287713823	-0.0708866598759008	-0.132182546159379	-0.00841690211658637	-0.0602319795925914	0.0301628256253187	0.0184677676686846	-0.0135022473812943	-0.0579525794144914	-0.021054241147883	-0.0153775099467247	-0.120919236805248	-0.136901029064019	-0.0163494809816463	-0.00973721081616941	0.0450031347141255	-0.097335726712933	-0.105591492964947	0.0219733926230682	0.00538705519681092	-0.0355431414889121	-0.0399354175514013	-0.044164768324258	-0.0681246537930298	-0.0238355080569574	-0.0392574064415279	0.0806359401655763	-0.0300824076775648	-0.0668265123324215	-0.108620721053079	0.0270679086545196	0.0367863896370264	-0.0801189152972577	-0.055133444216691	0.0504455867717303	0.140201234081084	0.0612501351715867	0.0767666052883101	-0.0364496667062061	0.0299370574318051	0.030526021179417	-0.0483062432910889	0.000176751282492842	0.00332363167097969	-0.0224468303213747	-0.0913747614457064	0.178260315763912	-0.117630547098409	-0.0374902393599814	-0.0406917491859655	-0.104932859074214	-0.0388050986741109	-0.103033652571926	0.00472151413795978	-0.0488719353281931	-0.0366618570112897	-0.000751544652575402	0.00393997927741122	-0.0298682177152543	0.0659230822292476	0.049877790828451	0.031654740616458	-0.0686129482568788	0.0268429375640337	-0.0541963971350611	-0.160735102861509	-0.0132693474585288	-0.0207684700158986	-0.122797775122305	0.00536872198537816	0.0760924248069313	0.0138502991069307	-0.0406131917775379	-0.0487378405138472	1	-0.0615488392685236	0.0854245712655619	0.0400001812260299	-0.0684188135688956	-0.0238304282799017	0.14239109861872	-0.0362713059291228	-0.0949517632162681	-0.0167410554944828	0.144530249755455	-0.0548279093223152	-0.000294299142328846	-0.0564425586632272	0.0137768159694504	-0.131627320325215	-0.025671786443099	0.0548152058643129	-0.112726597682925	0.0142395215884827	-0.077164074124144	0.0590075277301712	-0.145610247530418	0.0476267063405837	0.00225358665792747	0.0173657251870424	0.0135724438530205	-0.0463317819387317	0.236075840003985	0.019972701179102	-0.0648447905069763	0.0152123546268432	-0.0374185493268443	0.0106870856086943	-0.0384982816800945	0.0261823562852402	0.00961600548700669	-0.0313972084931533
-0.0671375812981347	-0.00550354162027657	0.140550093652605	-0.0856087753655418	-0.0114295588804061	-0.0229374753979383	-0.132933347193255	-0.0571669583023292	0.0489440619929108	-0.0282661292664729	0.0688009748004553	-0.00662891830236639	-0.0230354677187796	0.014220804049884	0.0525438791986412	0.0716568569153062	-0.0103497300068321	-0.077253363902316	0.00801953659390481	0.0134010538881873	-0.0489955950919666	-0.0379496142764604	-0.0277286758969008	0.111442063483852	-0.025960712053039	0.015732844419802	-0.00965325972417932	0.122632744912561	0.0473301447809738	0.00472433344576327	-0.0493881284612148	0.00512149182490985	-0.0345776022113425	-0.0118568939439565	0.0454368579903382	-0.0852672817711236	-0.034045943375813	0.0399739696378657	0.0625813493715631	0.136868351889334	0.0233726591103063	-0.0202038494148544	-0.0517346980865903	0.0623137455503837	-0.0523830007803614	-0.0974512634568023	-0.050277918115882	0.106573588091522	0.0270575213121129	0.0276071853897333	0.0084226925767463	0.0300300647827318	-0.050144559653582	0.121414286367108	0.0522227812437318	-0.0328414256585726	0.0334422168262513	0.00881448524758245	0.145176456422501	0.0454668428619634	-0.0645888331910202	-0.0616462624977812	-0.0514128958104357	-0.0275584873968795	-0.0916374661107705	0.14993145057256	0.0387843825942839	-0.0811839945603816	-0.0652595613297449	0.0108525387839367	-0.0983280867532125	-0.212632409471342	0.0169675095564151	-0.00563993253685446	-0.0768315454456734	0.0740372596003747	0.118805018517928	0.0356101963977449	-0.0334637172599707	0.0813203692294386	0.0200654004715994	0.0030269038327553	-0.0957579170351611	0.0147485865994675	-0.0628917238229908	0.110014583789318	0.0131854728703784	0.0552459436680889	0.0193141992662019	0.149446527683283	-0.0615488392685236	1	-0.0169439757906362	-0.108877808310164	0.0457655709783248	0.0373423881128983	-0.127441616251555	0.000887829984553667	0.00550733196948441	-0.103014278296126	-0.110239673043714	-0.0217610545928993	0.107303213444047	0.083140067415756	-0.083687050869764	-0.0157795262250163	0.0128543300106877	0.0141734982957951	0.192317700181547	0.0119633752046466	0.0872323002453939	-0.0236907464856522	-0.14709655397542	-0.160815601746671	0.0469426680228991	0.000534410328109871	-0.0529291721842257	-0.123771358141579	0.0465463432882023	0.0679243384361776	-0.0109580358262317	-0.0519301015975118	0.0301024782507031	0.0437188472162085	0.01923051972222	0.0705481254748977	-0.0287923520233122	-0.05672190771694
0.0604768085109725	-0.0424185679776745	0.0523412035371172	-0.0139446639546144	0.0459624556278923	-0.107441934418223	-0.00889341210872733	-0.0661598785554	-0.0220968065860322	-0.122561392582657	0.0233242046557954	-0.0436267592489713	0.00187949918902733	-0.022091048484758	-0.041289911489662	0.00914255468954834	0.00844993096300394	-0.00158264341614195	0.0926385937635046	-0.0620865298533346	0.053014169150229	-0.0394601155944275	0.0155576526690167	0.250487462528904	0.126207385688998	0.139692585509434	-0.00904469726553683	-0.0553254954077785	-0.00472960642748501	0.0342230142542124	-0.00439289812656999	0.0610358561600968	-0.0192920234855972	0.0459093168880137	0.154432249055825	-0.176031120573963	-0.126228965363142	0.00264056077479204	0.0390339292895211	0.0751321687101973	0.081190854130542	-0.182981739477307	-0.0398406188007379	-0.0479014176355595	-0.0112134904862696	-0.00244917594178191	0.0367021929697899	0.0981945952157516	-0.0247773098565729	-0.0136682852048219	0.0518013636587892	-0.0295050418511358	-0.0755050878978005	0.0314133532263936	0.0321881310612774	-0.00716116773882906	-0.0506037204935664	0.0287448963484862	0.099786419312716	-0.137772563488737	-0.220855909251812	0.114678056850597	0.00907203845842024	-0.185796512853098	-0.0651699239302155	-0.0360234942796748	0.0672167942969079	-0.0855853577310734	-0.110494119348288	0.0397998128206856	-0.131791988875781	0.00680260059725916	0.0216759191726961	0.00646243018227001	0.00219540206160401	0.023366798798293	-0.0751232381974562	0.0161943500283893	0.0105958746194519	0.0945210484156633	0.0420501739155536	-0.0544123087352128	-0.00861710797608014	-0.0121390043863841	0.0725530751509679	0.0592020739263926	-0.0707294631870311	0.0791864605142664	-0.00328758746297833	-0.0339526258296091	0.0854245712655619	-0.0169439757906362	1	0.0911498377336683	-0.124886810153587	-0.0498740770583897	0.0386962193638988	0.0107216743866869	-0.148192257273747	-0.163953987384187	0.0911751353624358	-0.0479845464544212	0.0784838400823238	-0.0505060638657171	-0.0222621910657685	-0.0107941176429669	0.042077688308597	-0.0986266692794749	-0.0405611095411261	-0.0897452085629628	0.00131750709617823	0.0311745750154676	-0.138083940553215	-0.117087027432207	-0.0833191570016199	0.0776074709612234	-0.0514386384289993	-0.117281328023108	0.0515391464114538	0.198968697784622	-0.0335585917456932	-0.0723699194296202	0.0971698059833666	0.00530646807382251	-0.123178530349156	-0.0618635370744321	0.057128265649921	-0.0800532685314142
-0.093850368267009	-0.0910222157435696	-0.0435088903453766	-0.0419123602196863	-0.0535316626790392	-0.00229956083457422	0.025371712431664	-0.0195521635137408	0.131216014428577	-0.0212354800395088	0.00442987564031216	-0.0388771894384187	0.0385915310266498	-0.0294136392004853	-0.0291092290292421	-0.000937375044308278	0.0245279294329727	0.0548574356833837	-0.00528644027614263	0.0116880630102543	-0.00686294302746968	0.0471722348198548	0.064912734402936	-0.0418794479861428	0.0165131378057982	-0.0674662940943494	-0.0727253099390779	-0.0861688842428951	-0.05086679202913	0.0516614204889979	0.0263575031508749	-0.0471826901542621	0.0750442862606795	-0.0571506229518346	-0.046300574899943	0.0331284006599698	0.0223193485617934	-0.0217101117167871	-0.0425526586210076	-0.0949785939596824	0.0156054244876051	0.0452158323556123	-0.0280190236890464	-0.129018157187716	0.0360074712266871	0.0242696119966369	-0.0554794307745542	0.0309074376997626	-0.0286768204534054	0.0610124238504705	0.030932456741152	-0.0603058212921987	0.0356140240936351	0.00686756937247083	0.023579973091614	0.00160354463388755	0.01813923023242	-0.0888251599362239	-0.140425941219018	-0.149400835026457	0.0139019881880605	0.05470914340286	0.0885755119928599	-0.0994337038965544	-0.0604192880717178	-0.0183834105636338	-0.0943817999597574	-0.0205093034508386	-0.0883635750813158	0.0770864678657902	0.0204839866086699	0.121664713413575	-0.0463782789782081	0.0548972284046614	-0.0514431143577778	-0.0244520920804161	-0.0130963919146473	0.0410531403522836	-0.0590430064121892	-0.0125183942561055	-0.000246353516237731	0.0238506077176614	-0.00557074270861232	-0.0233099454274819	-0.0519812901392201	-0.0976161049171171	0.0408345017710913	-0.0448185800238452	0.0293005677588646	-0.117931893510486	0.0400001812260299	-0.108877808310164	0.0911498377336683	1	-0.0424573381017986	0.0406722869795104	0.110698720431496	0.0159168152663847	-0.0612995465510797	-0.0584736779896819	0.118136388596981	-0.0511196974181081	-0.0828560097341181	0.0344576357060436	0.0212993240115447	-0.0257576892180811	0.0155749385655823	-0.0736763376382527	-0.0496824030035644	-0.103761965492916	0.0561646244562433	0.10095211932922	0.0484467541631733	0.0217357818391676	-0.0411745402297014	-0.0660277567243591	-0.105815403825029	0.027176789848993	0.0778102500464337	0.075808455909544	0.02937494739795	0.0218717229971138	0.123580843705659	-0.0426461065803468	0.0185318948296216	-0.182190262063422	0.00811900116289208	-0.0147088534552992
-0.00843029260326999	-0.0765678990994805	-0.0431907931037333	-0.160037278975797	-0.0440348331365705	-0.000201170527498817	0.0241632510981866	0.0677106285383264	0.0272817030724003	-0.0558249413019903	0.00767763606643238	0.0255364436035123	-0.0151063737843684	-0.0511367258593593	0.126458955969732	0.00954860122947461	0.0010463075895295	-0.0130702674472427	-0.0269659956129303	0.0332839216605787	-0.0335168514993356	-0.0670561058791035	-0.0046658183157217	-0.107193327825052	0.108408237750606	-0.0150179544080846	-0.00480188625493168	0.0428593965741635	-0.0153157536431347	0.00242521129492616	-0.0232232518110808	0.0327390272574953	0.0585639224171703	-0.0154752895252235	-0.0430848894887774	0.0444831533293649	0.0297409844493594	0.0737005897618692	0.039768323297712	0.00645435612597975	-0.096230124934845	0.0647243107500282	-0.0228099692412107	0.00255813662519202	0.0587906566899897	-0.0792892342834822	-0.0821030370157764	-0.0918556860818494	-0.0164728697875355	0.143254257429342	-0.020752390448094	0.0313006268750649	-0.0162800666918259	-0.054638228393277	0.0501824712466833	0.084812001609828	0.00383052705945369	0.0696793443766174	-0.0247843239951378	-0.0281680080385104	0.0655279590812764	-0.04606667974015	-0.0560082148046746	0.14372828941058	0.112625644339933	0.0734376743086871	-0.0478190163413007	0.0666264484119883	-0.110454245373418	-0.0146180475444345	0.105035964692586	-0.106577391317638	-0.138897323997369	0.127987109245385	-0.0650390475408686	0.0698524821371468	0.0255011856735318	0.0343264270720272	0.0637346217458766	-0.00358007136253269	-0.0689840490780562	0.0407621470933181	-0.000748964935823146	-0.0984074132515311	0.0252523875898544	-0.00823238306882519	0.0219310579534764	0.00771999049161327	-0.0743079004802239	0.0266575074673695	-0.0684188135688956	0.0457655709783248	-0.124886810153587	-0.0424573381017986	1	0.121179458376561	-0.0525164759483015	0.0812180965557439	0.127864305324073	-0.0728710913871918	0.0202456816377272	-0.0263204022023403	-0.0777004127711526	0.0482053262506211	-0.0843323654998005	0.0612563055260041	0.0996031083373407	0.0525482540726356	0.0760521936766937	0.0294551516263767	0.114167883045844	0.044193474609894	0.0429077465832638	-0.0684833941252024	-0.0817420284431333	0.108353786418528	-0.00830693904684566	0.122964223115258	-0.0589206895924837	0.0706872380096289	0.0371325518519436	0.0449432905663929	0.0595024362245068	-0.00494295791733508	0.0985978969784517	0.0540037816245869	0.0638227480521654	0.035519011516959
0.00263180421060914	-0.0144783978660887	-0.0962909784056033	0.0500809439087533	-0.042539260603053	0.0443077592581046	-0.00476080742776491	0.125584705501661	-0.00673062117842982	-0.154868226620353	0.0252895556845187	-0.0436467954531941	0.0607964182594537	-0.0858648453541352	0.0323996447325488	-0.00679033886299191	0.0366512594551612	-0.0118697857295897	-0.091404576114765	-0.0238491044525353	-0.0701053134394749	0.110742476893891	0.0196191940161456	-0.0924432738633012	0.133195687293272	-0.164331089465108	-0.0481797028006466	0.073179524927449	-0.00262819357697124	0.0605261765210685	-0.057640720144061	0.00457060242804887	0.0104274564575988	0.0587092623158631	-0.121430720694943	0.0313515261713197	0.159240325139847	-0.0434527806173309	-0.0130868312362021	0.0658177569252065	-0.160689605754594	0.0972274061928245	-0.0352837440794566	0.00702281873142926	-0.0264943871885255	0.025722321876557	-0.0157621603081385	-0.0237823644234128	0.010836439676598	0.0209269904659234	-0.0204901690818682	-0.0422095110191926	0.143946299433963	-0.00595357365841062	-0.0264707872359964	0.0607676764205432	0.00106358576643257	-0.00918310170508947	0.0736249294725911	-0.0271408962569192	-0.152518903420476	-0.0711062058474742	0.104218195869124	0.059534059133901	-0.0120858195459416	0.0404265705370449	-0.0935132068462689	0.0840296479816548	-0.151647807264149	0.129917311214098	-0.0204012938523606	-0.0335370634109347	0.0575003105457447	0.0750924182360328	-0.0781586538642079	0.0749809778629813	0.0975991350323179	-0.00863832139177682	0.00292035896388109	-0.0404087881866856	-0.0934750854434548	0.121896642137675	-0.0494699003217796	0.000735970674211079	-0.0476349313994238	-0.00193815595440036	0.104070656593177	-0.0598548390610624	-0.0805320823950867	-0.0234145856844581	-0.0238304282799017	0.0373423881128983	-0.0498740770583897	0.0406722869795104	0.121179458376561	1	-0.114524153112747	0.0825570977150871	-0.0966861530836016	0.0979595950110805	0.097455231741642	-0.0639986395483477	-0.0339164437561033	0.00852506744891679	0.0209650079521922	0.0383572910881253	-0.0234849828481702	0.0531352315839603	0.0381553538129616	-0.0369871385925681	0.0936569579425904	0.0882176331662359	0.19424578663979	-0.093135347466429	-0.024890950058325	0.0409764929107525	-0.0426096440769197	0.0598449209636271	-0.220406350688583	0.0433814970555982	0.00878339330508196	0.170852709909634	0.0129507065553738	0.00438405242458283	0.0161567542695267	-0.0637688855303058	-0.0438128303801618	0.0520216188346534
-0.029570597681323	-0.012799733226806	-0.0127788734942888	0.0631804924331034	0.0579849535351617	-0.0509855550598387	0.197578361854741	0.0204953814077486	0.0388839572956989	0.129568097875391	-0.13528424941018	0.0299374971990016	-0.0147702144694958	-0.0783738630671534	0.0369744845653448	-0.0382877113919253	0.0466167998501601	0.00505175188979489	-0.0728449616697994	-0.126944881030799	0.00545403024845699	-0.0227165960926257	0.0246071884132037	0.109506715967513	0.0183211544726736	0.0855957111233629	0.008592406711636	-0.132719298524434	-0.122420127570037	0.0164289564711135	0.0156985672425169	0.0400471524349814	-0.0615133239093103	-0.0512239479656312	0.0334605890044731	0.117018223580535	-0.0692853087726219	0.0287150762162888	-0.00344304392945136	-0.17114294156306	0.142772180944506	-0.16927083574077	0.0174535500935375	-0.0079493748895654	0.0385525931017404	-0.0332986325130571	-0.0361237540492257	-0.092042200919571	-0.0505305907464438	0.0243772949415582	-0.00156128499037674	0.0335142027034977	0.0672009408396124	-0.145210050809764	-0.00958719868369958	0.0783812760303359	0.00722899890909019	0.00477415069312538	-0.181968426842308	-0.079872972265586	0.162114779250559	-0.0715972426183573	0.00283127142922324	-0.105425805694122	0.181374842320466	-0.0832656963878384	-0.0337368089561008	0.0742744447775179	-0.546483215191995	-0.116982236704711	0.105906716453935	0.0815178550665508	-0.0793509220984937	0.00177292145571887	-0.00492579198538286	-0.0238421463357613	0.0144584629909114	0.011364100142918	-0.235111120888765	0.00305825986549393	-0.0677655456075772	-0.101357097235189	-0.0318098940255931	0.0418655363101028	0.0595015292592718	-0.162398393734321	0.100974564157022	-0.0370589022349496	-0.0499516143159856	-0.0200737767625145	0.14239109861872	-0.127441616251555	0.0386962193638988	0.110698720431496	-0.0525164759483015	-0.114524153112747	1	-0.11314917673969	0.0125956140890402	0.0314430613481936	0.171866147804601	0.0499480311449462	-0.116367148615169	0.00566475493753439	0.0343049190385713	-0.0571135381263413	-0.0775827388432771	0.0583655019869164	-0.0205268387247574	0.0741713889005465	0.0513192391739538	-0.0221170366028188	-0.109367539101359	-0.00656189107709819	0.00887550025814361	0.0838414702677478	-0.0230889342934281	0.132638518400837	0.168883328950416	-0.165694414995211	0.0172237604073331	0.0438213874617037	-0.0338338720751393	0.114663269043646	0.100313588439929	-0.0343818569669252	0.0683734049398478	-0.0413046592794663
0.0126431496509499	-0.103250559039441	0.0361179621802511	0.0256926694778084	0.0285188211738255	-0.0169197383098466	-0.0291689239979207	0.00176702816254613	0.0576788253907598	-0.0128974968982498	0.00986789910954534	-0.0083300071819121	-0.00259208047129571	0.0183040728027835	-0.0675064299436351	-0.0693780900786307	0.0285022375933211	-0.0895944775505547	0.0251836980705381	0.00394725428743945	0.0141494930614451	0.0113247818678882	0.0133033198554026	0.0960017414581598	0.0180193487417133	-0.0808122069806833	0.03889266720145	0.0504633988701298	0.00405104331183015	-0.0490051294786716	-0.0997146193026349	-0.107110179877798	0.0695427035339284	0.031020181664913	0.0434803816996652	-0.050780091074038	-0.0414318104009965	0.0472546313622841	-0.0390127737905425	0.0246617531458961	-0.0486518716295137	0.0146495519534457	-0.00945042627769398	0.0512455494123131	0.00981542661598341	-0.0244087392446371	-0.0599663134337697	0.0574734077562966	-0.0405029292050392	0.029288825095066	0.0593111194034866	-0.0187064585275258	-0.0334734150367673	0.00510982999705625	0.082941137094998	-0.00233759357826795	-0.036076477933272	0.13933401203313	0.130818998120931	0.0316334099384606	0.0272582995216424	0.0884580734236623	-0.00867313970241646	0.0936275782847626	-0.000652936634943682	-0.0142776588549132	-0.0597503265461623	0.0394015948539054	-0.0220552104865462	0.0642400746764962	0.0632491622104739	-0.0310981561810026	0.0448302846629233	0.0861635573462591	0.039180577171302	0.027074463738307	0.000887546585069656	-0.0574862986957451	0.113879042792694	-0.0535631055246263	-0.00941335685348571	0.104571106032728	-0.0121312632393334	-0.0188085803973161	-0.0240818872607471	0.122510088276665	-0.0340051811953335	0.0195000981483881	0.0468459244714239	0.0867520525721546	-0.0362713059291228	0.000887829984553667	0.0107216743866869	0.0159168152663847	0.0812180965557439	0.0825570977150871	-0.11314917673969	1	0.0492940572721147	0.0549099430115055	-0.040879778687557	-0.0748557180278725	0.108536623736427	-0.0470209427306386	0.0185177986813755	0.106519927763601	0.0596218969436215	0.0118763575257493	0.0203675727960939	-0.0218264919609764	0.0642912316894565	-0.0418560999208831	0.0735201748850427	-0.047869945057563	-0.027896567310889	0.0824025030944122	0.00645541021053631	-0.0272850585566625	-0.0337939647412126	0.00845915285293464	-0.0333105414610586	-0.0188124562481942	0.0709408548165109	-0.0708704934626797	-0.0580790579237634	-0.00620653653161533	-0.0563995756059939	0.0138674011042908
0.0279097531254071	-0.0829418861862799	0.158921079656594	-0.0848871260507854	-0.0516743204858494	0.0189684125283718	0.128206196267511	0.106623065455659	-0.062294881376217	0.0492904585093031	0.0539407292397737	0.0806765139405896	-0.0749083323559478	0.00995861420465547	0.137785923041752	0.0654982000394386	-0.0115791370402652	-0.0224148609430948	0.147162962532574	0.1571203320846	-0.0369098866913765	-0.0685250224440167	-0.0715789402199149	-0.260503222050635	0.052857299974598	0.0255862469863622	-0.0711345850406254	0.0982369160228373	0.0842047826027734	-0.0746125077102835	-0.11272382925265	-0.0163063674166788	0.106401902502269	0.04587791271452	0.0337463930550559	0.035876270307496	-0.0904634099324137	0.0796864134103825	0.0815823083585521	0.00852084691013236	-0.0268980675002593	0.0526852670623925	-0.0668699775076412	0.0658664033245763	-0.026736013855347	-0.0161299617901333	-0.0590474990581944	-0.0267999965030925	0.0803281142326806	0.0939762842372345	0.128689436932023	0.0139762851218559	-0.0919033199116902	0.0115675229150903	-0.00153893229156167	0.024075098301523	0.0202603021662732	0.100049610505474	-0.115955667901552	-0.0105084828184849	0.181260272788649	0.0329367781131547	-0.278047075252163	0.0776506763770457	0.136790789093361	0.0427630502288512	-0.012772366050376	0.0310664442175391	0.103544266357296	0.00488355817347421	0.154247797964069	-0.0339358468114539	-0.158038295373001	-0.012747386561479	0.0114515731727303	-0.0403294230448766	0.0433988932835877	-0.0187143720685724	-0.0675558397671863	0.0106769159356825	0.0941195512524598	-0.0292589257112624	-0.11904967091205	-0.00778093741802438	0.0290686974438435	-0.191883587563719	0.01965591982591	0.0669321418267221	-0.0466945938513618	0.111474240708286	-0.0949517632162681	0.00550733196948441	-0.148192257273747	-0.0612995465510797	0.127864305324073	-0.0966861530836016	0.0125956140890402	0.0492940572721147	1	0.0442680072294777	-0.157513017340359	0.00350764899292501	-0.0455072943911861	-0.000825879820047144	-0.0101637127443623	0.050973542859932	0.0676631626166888	0.00156808920403248	0.178504439166553	-0.07028619756937	-0.0291638736342448	0.0947943876606054	-0.0177864184749995	-0.0484494188410228	0.0878119195548253	0.0572181429083875	0.0828059603820854	0.0452276047910321	-0.0378010930643089	-0.0579363449786792	0.0880546493527024	0.12410132899416	0.0650103539303304	0.0684325076425356	0.157151099705626	0.00183061082382643	0.0117864394225708	-0.0563158457421343
-0.0715645431249787	0.0225133159174834	-0.197490761587678	0.102973988260111	-0.0863897120493777	0.0456627423487654	0.040324271142695	0.0914035649903816	-0.0668754068131552	-0.0313836290701968	-0.0335075337588502	-0.0510870238213543	-0.0107938003013479	0.0219467532665651	-0.0159184053564414	-0.00471340598979858	0.0835064065581689	-0.0248453546884968	-0.0528104205789689	0.136412845891787	0.0521489512552052	-0.0177510153054803	-0.171668893419926	-0.0508013020332299	-0.00444934581563013	0.000509725291870802	-0.108838499658282	0.0343804904625189	-0.0314969694823407	-0.0669849744011466	-0.110806097818122	-0.060177023930046	-0.0611291818217522	0.0240359424936621	-0.0509597123875919	0.0132678024761642	0.0409596850534043	-0.032539659372564	-0.134710525949451	-0.0119952593364224	-0.132737877320488	-0.0430003908016996	0.0537964746664101	-0.0472640067324077	0.0567707611190199	0.0801749284530471	-0.0072859463024394	-0.0696893952302934	0.0157011568014372	-0.0599608855084016	0.0138227381017727	0.0222139345850956	0.0136249458875353	-0.0136300990020874	-0.122915267234805	0.047515054880592	0.00241192930877502	-0.0054496979130396	0.0476490422470967	0.079888949002323	0.14049459189762	-0.0736701937295966	0.0110621464437096	-0.00530395697334999	0.075216782844775	0.109633993315206	0.00177565170734151	0.0404139521691609	-0.0710394819812109	-0.0799912790560195	0.0878926670355283	0.0653255778913926	-0.0327897400462578	-0.0369616387618487	0.0219540673934097	-0.0414533465972932	0.061808148820812	-0.0141553888397836	-0.0476327377782172	-0.0829808810049027	-0.195379513322678	0.0425446164681611	0.00304912155458502	0.0544222395887728	-0.0971430902464389	0.0258121136052002	0.0964236294250656	-0.0873785369019235	0.031254832063157	0.0026725104064426	-0.0167410554944828	-0.103014278296126	-0.163953987384187	-0.0584736779896819	-0.0728710913871918	0.0979595950110805	0.0314430613481936	0.0549099430115055	0.0442680072294777	1	-0.0942692418105017	0.0519915981700644	-0.00397766760334572	0.041989871947943	0.0930409446410091	0.048170504542745	-0.0801747517848854	0.0655292557123105	-0.0626256393403141	0.0040107236289641	-0.00114585933744811	-0.0725493034972527	0.0115872232484109	0.108484625219316	0.130295142589375	0.0071870983304314	0.0165537303163662	0.0850021821594836	-0.0599940548446935	-0.158338847414029	0.070584410066824	0.0906226973506737	-0.0354443916512186	-0.0462415703251019	0.105758437452405	-0.00611078973120666	-0.0667893710330406	0.128625328955203
0.0739446306210296	0.0444139472892771	-0.217697517149786	0.070012422850582	0.252519698880705	0.0205215604455779	0.10334602501547	-0.0959790632436425	0.0108590973749459	-0.121512814477153	-0.00555506189749007	-0.0456550142324513	0.0407153090278541	0.0042497727749262	-0.00302920919093932	-0.0680510801598046	-0.0904958882451081	-0.044895859150079	-0.187030140895038	0.0280797007692367	0.0528020906787926	0.0127186101336868	0.0393023340244195	0.0904147168290876	0.00732688308934706	-0.0274145890279911	-0.000371967020847902	-0.00577873840248311	0.0114389771180593	-0.0730072943431769	-0.0666285519064783	0.0161357806918083	0.0149897355611391	0.0566062556093874	-0.135093887048872	-0.106622824933966	0.0615221790796341	-0.034358384475682	-0.0946729148519609	0.0211707374744121	-0.0619665495412352	-0.0534336314019528	-0.0230692764739626	-0.0405326536168177	-0.0663547246129066	-0.0171421801891918	0.021329277526213	0.0023776105410409	-0.0433832174971258	-0.0983279256636891	-0.0271522519060626	-0.171395154797024	0.036734080364984	-0.0116904000248094	-0.00341626143487093	-0.0567233201983157	-0.0265047999129185	-0.118377026279586	0.0178685326287278	-0.0737217003723373	-0.140437661713223	-0.0969512788671327	0.0471119489382531	0.0289842873375941	0.0117992900987131	-0.0471949165382616	-0.0149009363574872	0.0270254894390699	-0.245548787398698	0.0409278149397121	-0.0884202382273305	-0.109407554672142	-0.013328200825027	-0.0508415929822494	-0.105937010378878	-0.00181928644882954	0.000282077068730441	0.133138403177976	0.198489383833447	0.0190169784327478	-0.0433164533230868	-0.022325622476857	0.0774043239426676	-0.0362823506904044	0.0372541270823683	0.0851235465738662	-0.0207108595185313	0.00949115823704234	0.0324247776593566	-0.0769569597404845	0.144530249755455	-0.110239673043714	0.0911751353624358	0.118136388596981	0.0202456816377272	0.097455231741642	0.171866147804601	-0.040879778687557	-0.157513017340359	-0.0942692418105017	1	0.0519834250950573	-0.134169457732196	-0.12541502759201	-0.0227502939580233	-0.0371472384453705	0.116708187227925	-0.0727849879621445	-0.238149824999245	-0.0262936726771293	0.113632430724156	0.115910380103115	0.060884699031302	0.0455086526811584	-0.0788744428319163	0.124451613622539	-0.0061676455307846	-0.0420615121295932	-0.0533246949054786	0.197837765337068	-0.0937804105050807	-0.0168206382731931	0.0756777306031412	0.0277232744484486	-0.0519965241202678	0.0101637513096272	0.033140544250957	0.0735180429701745
0.0276340226832682	-0.0142189796607131	-0.0892601210790886	-0.0113640108310247	0.00477094601793038	0.0696582826009978	0.0408170761552948	-0.0372407665450303	-0.0705820155266279	-0.0403937659164748	-0.0932682829850458	-0.0739414219547404	-0.0182377945143034	-0.040636972407699	0.129586443431917	0.0327313661978688	0.0186458666010607	0.0412439085419459	-0.118935176989398	-0.0654714974542814	0.0089316261662253	-0.0202748598126852	0.0530652380124444	-0.0641381959273834	0.0163656661013555	0.00447299045518222	-0.0649696144520826	-0.0560381654547546	-0.0209188782828444	0.036131077871229	0.0767732479335116	0.0204080667641785	-0.0189398837719678	-0.0278426906412354	-0.000146240313273755	-0.00383217703545465	-0.00475456800794387	-0.0716500886258722	0.0164746387134592	-0.123639342881543	0.0374988296176866	0.0375643393813882	0.0842294900313754	0.0415321136033644	0.0144311538696337	0.0348754891640404	0.111944645949819	-0.0202751888649608	-0.0914373668431464	0.114382617559446	-0.0118282779473687	0.00899218815358179	0.0437399256837552	0.0273946299922248	0.0553525575581826	-0.00245905278245576	-0.0330206711813856	-0.0819739054058785	-0.0258143033571244	-0.0371978689062104	0.0549251659157043	0.034331111807884	-0.0207919327218029	0.0351770580859358	0.125101818932707	0.0112015809576914	-0.0411439204141152	0.0279710123042973	-0.0739884170347173	-0.0493414849881934	0.0468872247890958	0.0196980134357191	-0.156551069711149	-0.0467118257388607	-0.0286960155907191	0.00771329861607737	0.0180462265082248	-0.0529319703394884	-0.0046447179490784	-0.00786670972156063	-0.100934074768465	-0.0111248851303527	0.0768543781223093	-0.00405152997112074	0.0180731180859727	0.00438169763867979	-0.0555051695512936	-0.0747246922415172	-0.0131473948950461	-0.13422175060328	-0.0548279093223152	-0.0217610545928993	-0.0479845464544212	-0.0511196974181081	-0.0263204022023403	-0.0639986395483477	0.0499480311449462	-0.0748557180278725	0.00350764899292501	0.0519915981700644	0.0519834250950573	1	-0.118548832072	0.0927722846169399	0.062562441675596	0.00455501181292655	0.0526178448732175	0.0923837132821792	-0.0356448104490397	0.0288164051144931	0.0632672334090738	0.0557518667671778	-0.0400590964645902	0.0537510289317244	-0.0158881917261619	0.0659631780463752	-0.0256304685755345	0.0576484921237744	-0.00884628446523069	-0.0508089814866187	0.128443702788848	0.0828852898418467	-0.12887011833582	0.0336259667929261	0.0608705367946892	0.0386313024215099	0.0968978876401865	-0.0227550332747905
-0.0051438812837609	0.0121710423572098	0.0574546912025471	-0.0378089740773264	-0.0657529175439543	-0.0876900164584144	-0.146771831718166	0.0169833824995086	0.0374040839750799	-0.0126080419782757	0.0799175954824652	-0.00942580138108168	-0.0639104735859334	-0.00613441433362038	-0.0942344606745565	0.0609461782611656	0.101822527805165	-0.0413456565655051	0.0462585846599275	-0.0462442957840955	-0.0286435553497059	-0.124799532081974	-0.0322040680315502	0.18927315492967	0.106574823496189	-0.0439490277102137	0.0679995748861204	-0.01868037333865	0.0325541869376461	-0.0600744689868464	-0.0868850966090551	-0.02991077551088	0.0534865450723435	0.039337886091743	0.0523370348675013	-0.135565076518103	0.0155586711220729	0.0833390824237054	0.0114623856360745	0.119573076760689	0.0945375553527462	0.00700205118549225	-0.11878622217661	-0.0221441242402987	0.0275067379083292	-0.0816269509196606	-0.0130219886115023	0.0413824074862672	-0.018573070727753	-0.116039272253745	-0.0631712059700153	0.0418150922381919	-0.0404366412250868	0.0704622892470359	-0.0384251809269283	-0.0988306292244414	0.00702284632661903	0.102115759705389	0.134925485892362	0.00367277691801977	-0.101076947239089	0.0315082665728208	0.0379128254927502	-0.0625157218275502	0.0177984562158234	-0.0425652842124483	0.0391846909977463	-0.138365702899026	0.0411761330156758	-0.0775098710183262	-0.0764445251205757	-0.129287933840812	0.225051915086032	-0.0692645735142721	-0.00211583552650505	0.0244601602605807	0.020524215063591	0.014367014950579	0.152132134723232	-0.0652587512345299	0.0479966825408814	0.00661844284253192	-0.0788699340200712	0.0395574494238404	-0.0735627893722173	0.00225031527418507	-0.0207078544155512	-0.0301390312496683	-0.0552715586945212	0.142892434679886	-0.000294299142328846	0.107303213444047	0.0784838400823238	-0.0828560097341181	-0.0777004127711526	-0.0339164437561033	-0.116367148615169	0.108536623736427	-0.0455072943911861	-0.00397766760334572	-0.134169457732196	-0.118548832072	1	-0.224548974058077	-0.0896795927203521	0.0416738656796659	-0.0722173936974774	-0.0630549687421451	0.0791143466619509	0.0564299173126814	0.0224754518554361	-0.00582140332961805	-0.0712167084754741	-0.149407258204193	0.054938357764582	-0.0646022203391965	0.107197031404988	-0.0315291090359316	0.118457320598566	0.0787762973642441	-0.0285357904989436	-0.182272496872476	0.118811378347833	-0.0653255280764364	-0.0480840222837519	0.0947768568798816	-0.0404701129063434	0.00047785954835555
0.00175159977197522	0.0476903441566631	-0.0814036502366511	0.0479716642130537	-0.144574496002866	-0.000998079954216742	-0.016380592894756	0.0718388742740674	0.0287726409092664	0.00207033960156214	-0.013509617507778	0.00329124826322793	0.09511070544177	0.113391216414918	0.121101688830258	0.0894584518541699	0.0571240328213213	0.148902513676643	-0.099457763992175	-0.005344554465438	-0.0122508739600984	0.00719489332268332	-0.0304391155869198	-0.130405549213271	-0.00144219413020514	0.144789088987102	-0.00257825678729334	0.0413556426891666	0.0442609702566227	0.0305568231630286	0.0480461630875418	0.00972700556187747	0.0325529514495447	0.0187843347149262	0.158065945643843	0.0269105127558508	0.0182492816067061	-0.0277801027339425	-0.0116733233781655	-0.157626010453369	-0.0461771244158233	-0.0111675546179581	0.060264369927162	0.0117154926506362	-0.0851010989456999	0.00957227906360502	0.0840157119519548	-0.0167909230654536	-0.0168045439416848	0.174951795030624	-0.0515546758340208	0.077663339545742	0.106307265460219	0.000698742389161592	0.0486034017112822	0.0911228879434904	-0.0211006359796175	-0.0702006443034358	-0.0892902127270766	-0.0236567819732089	0.0394529802643809	0.0905627785370304	0.0352438287636609	0.0282404873396811	-0.00206908634399216	0.079742056708691	0.00864710346111391	-0.000990912766686055	-0.20353801148269	0.0712498252494851	0.145293749406378	0.0650973013814206	-0.430299073356794	0.0702173609014781	-0.038647745309919	-0.11665862517897	0.00609128131847423	-0.0675406092628844	-0.324717080045856	-0.00298995336761677	0.00652996039261298	0.0847705856637104	-0.0220307911716161	0.0148561769776065	0.0135330889388645	0.141775220593906	-0.00892578750436322	-0.0635806711111741	0.0349147792705467	-0.0077400354219111	-0.0564425586632272	0.083140067415756	-0.0505060638657171	0.0344576357060436	0.0482053262506211	0.00852506744891679	0.00566475493753439	-0.0470209427306386	-0.000825879820047144	0.041989871947943	-0.12541502759201	0.0927722846169399	-0.224548974058077	1	-0.00249232526264599	0.0601630601443059	-0.0835941820188008	0.00700963739984056	-0.00455921875981801	-0.0698955254002033	0.0592854139848489	0.0308103860891497	-0.14649637067871	0.0695645745679498	-0.0581656433052515	-0.0866319208066276	-0.0564446173244787	-0.0340113122017539	-0.042927520829957	-0.127011206273345	0.0907529823592249	0.141548392080458	-0.0878641834994923	0.0819230620876932	0.0617864555166697	0.00939842520106763	0.0834214598191103	0.0467609461030413
0.0408881205466046	-0.0263064015629009	-0.163172957074497	-0.00869281158078149	-0.0185369256705058	0.06883039621141	0.158295197392696	-0.0132831400196056	-0.0561573002989683	-0.0487471850231304	-0.0561793862865639	0.0107961922094374	0.0149599749768579	-0.029026148321546	0.0157239382910802	-0.0730806257783914	0.00787573241893918	-0.00855336573374643	-0.124728354554687	0.0265323870915715	0.0512606375893104	0.046567336734603	-0.0351669550003116	-0.0689524629779465	-0.0296633175655686	-0.0204988548392334	0.0395662648543225	-0.107536059069003	-0.0988156157615833	0.0330537943456516	0.033807389284827	-0.0561859827257792	-0.123982834602681	-0.0249512865970855	-0.0354650517522326	0.0491196121994054	-0.0410003941853492	-0.0708708948631455	-0.122464263837413	-0.0685090969030931	-0.0418123710033186	-0.13303237787124	0.0374062850475022	-0.0807982551952636	0.0169848920660874	0.0763230745066153	0.149172190095074	0.0310772923454431	0.0141920971909371	-0.00239288894478011	0.10940602535209	0.0821777704953672	0.00882321028962347	0.0240865892436176	-0.0662856626562145	0.0498556218989924	-0.066396967604644	0.0293650856412493	0.00919932500653877	0.0420969940243005	0.0471901345887089	-0.0677412476081839	0.0653466874377909	-0.076945778382592	0.0431698555639592	0.0473729809686235	-0.0112086188850064	0.0309169386336832	0.0497098423475081	-0.0102685603287736	-0.0193684588742691	0.0456033864917139	0.0289196735838494	0.00222596330647474	-0.0288220802133808	-0.000754167880534871	0.0754039485507325	-0.0514272966469453	0.0230712539436085	-0.0113907097257708	-0.123094957804843	0.0687617863411097	0.0749727242047339	-0.00247887599127877	-0.0489954322641597	0.036262749313767	0.104628551016549	0.0147474390822499	0.0203099691551849	0.0293755332903463	0.0137768159694504	-0.083687050869764	-0.0222621910657685	0.0212993240115447	-0.0843323654998005	0.0209650079521922	0.0343049190385713	0.0185177986813755	-0.0101637127443623	0.0930409446410091	-0.0227502939580233	0.062562441675596	-0.0896795927203521	-0.00249232526264599	1	-0.0360530279051377	-0.136977939065462	-0.0416710818361333	0.0352341921583834	0.0830234529475516	0.0497885196644701	-0.156421468598418	0.0931384637086875	0.182568289737248	0.0500961001221664	-0.0727315402865776	-0.0341375188731314	0.0996817183251056	0.07862407458761	-0.118510558423629	0.0449978869981415	-0.0384762510943241	-0.0694932765985651	-0.0739937265003312	-0.0253127895136988	-0.0453580554284106	0.0191460679282422	0.126822369190047
0.0205758851259712	0.00699055418519579	-0.00586972040344083	-0.0811043678572729	-0.0931359467275308	0.0128671940002935	-0.0239399843166558	0.170657759150636	-0.0353201877081164	0.0498095120491378	1.10078118760153e-05	0.0240167529911689	-0.0225382082547467	-0.0101919794377615	0.00566085695626004	-0.0375006976018926	-0.039056727001904	0.0399128248628655	0.0133391781330136	-0.0134489956222822	0.0335225108329471	-0.0605078977377438	-0.000710816204062502	-0.0749776867700931	0.0826357847458974	0.113913178037807	0.0270629405352537	0.0953477654348311	0.09760605905652	-0.0886682608212308	-0.0181012754797375	0.0535096407792807	0.0851071304658717	0.051550844985975	0.101678273151109	0.0451598699290458	-0.0645775030491337	0.0325676893387606	0.0518870283667621	0.0231306548065774	0.0257875875242545	0.0278351204200943	0.0126282708025269	0.0666986589351049	0.0572272658279499	0.0965332060691926	-0.0659419446754261	-0.054240731131731	0.0174355510544953	0.0508323164382574	-0.0126641273346472	-0.033018517592935	-0.0872291019493704	-0.0547334126247004	0.0212671124104066	-0.0263098519911094	-0.077585952603271	0.0865020645494334	-0.0545035613368348	0.035619998432736	0.0141807027227639	0.065862257377239	-0.0787868098995618	0.0736687180707771	0.00954462829206694	-0.0374075017083306	0.0220898373684797	0.0303528593705055	-0.0478716314274604	-0.0352239964671376	0.04559449441878	0.0356321887794306	-0.0579338572932614	-0.040444304105099	0.106018702904167	-0.123080897740002	0.0535558451725217	0.0192622477396522	-0.11364241203265	-0.0465373870340102	0.12838102216075	0.078189589694635	-0.0235014937202381	0.0831506144060233	-0.0137960230621053	-0.0541809161744466	0.014488471971339	-0.0170543531241743	0.0463383326039152	0.172597586251966	-0.131627320325215	-0.0157795262250163	-0.0107941176429669	-0.0257576892180811	0.0612563055260041	0.0383572910881253	-0.0571135381263413	0.106519927763601	0.050973542859932	0.048170504542745	-0.0371472384453705	0.00455501181292655	0.0416738656796659	0.0601630601443059	-0.0360530279051377	1	0.0231158887886493	-0.0234937110301075	0.0604619122375587	-0.0219092727952412	0.0779572426033463	0.0579893483617492	0.0691838599161811	-0.00162225826622229	-0.0781368977818469	-0.00587727614656767	-0.0679671707860428	0.0620510445397546	0.0123547955117236	-0.0962376637602355	0.0302956155818047	-0.0442640387564144	-0.0252082524969586	0.0394076160707745	0.0495974795581177	0.0098439055886705	-0.0314069692306499	0.0488219007535087
-0.0458827901639099	0.0102348765611483	0.102336876635017	-0.0995705427107195	0.0532376716995636	-0.00705378146421642	-0.065297670677698	-0.105322307546477	0.0878530190889212	-0.0495483122850388	-0.0524727685238074	-0.0474715116991567	-0.0566585035027017	0.0274893962832596	-0.0270463461338723	-0.00376759055852288	-0.0414718813699884	-0.137484647020428	0.0352484282680537	0.042969838818727	0.0593271177872745	-0.0206725268815563	0.0969595572418291	0.0939513092803303	-0.0530144184652385	-0.061754676329356	-0.142719883411091	0.0577916354695792	0.0664590920115995	-0.0635982475147794	-0.0474868837354978	0.0879440237556151	0.0715227567766564	0.0532276732010554	0.0684339818502458	-0.0259699941626452	-0.0215711028376218	0.0245667854916544	0.0994945535610672	0.15233784280579	0.00451380792551801	0.110099423531732	0.00464011404518726	0.0653962780845886	0.0179603467665391	-0.0848614175337103	-0.115289854552649	0.0805855978110518	-0.0127160521716124	0.0121782030867471	0.0420170947893942	-0.0808437928905758	-0.0100434272605085	-0.0519674675095129	0.00756925955522126	-0.0488842923008408	0.0542881671562571	0.0141554324100134	-0.0188059214958185	-0.0134898489057647	0.0613227126948811	-0.0256751773085385	-0.0961434598134305	0.102807510221835	-0.0412583369836416	-0.0361749106747902	0.0342550683139722	0.00434227271567582	-0.0136773499354723	-0.0049722555687545	-0.0545217111951332	-0.112123648220073	-0.112490631166167	-0.0753104254087435	0.0724025170519331	0.0204146852453395	-0.0888118862566922	0.0125472574623463	0.0851193055052799	-0.011212100437473	0.0502811129866212	0.0228645525569955	-0.0268804647713668	0.144673227389197	0.006046344268268	-0.0173624460709984	-0.136546866083087	0.016573587108	-0.0267696186809742	0.0902980765964159	-0.025671786443099	0.0128543300106877	0.042077688308597	0.0155749385655823	0.0996031083373407	-0.0234849828481702	-0.0775827388432771	0.0596218969436215	0.0676631626166888	-0.0801747517848854	0.116708187227925	0.0526178448732175	-0.0722173936974774	-0.0835941820188008	-0.136977939065462	0.0231158887886493	1	0.00582913717247172	-0.0177895653492474	-0.117106844742299	-0.0377300377336187	0.169764452032742	-0.0739349797278275	-0.0688931562416062	0.0287182644999956	0.0569348319694	-0.0368891774677927	0.0237178313037725	-0.0927807795154748	0.137141349947226	-0.0285128906315626	0.0441916418375632	0.0322793941951591	0.0010623463219279	-0.0737423057578304	0.0194199972306164	-0.115991859212619	-0.137944134295673
-0.0309889233720494	-0.0841848267943053	-0.0460251702755854	-0.0123860298406653	-0.0467218826220884	-0.000373221655945729	-0.0079609212339552	0.085735128035205	-0.0365063461790445	0.0495660724153882	-0.0134158383455264	0.044734939719246	0.0245568645179302	0.014303524965437	0.0464965639014339	-0.00220050159067587	0.0576405444813282	-0.0176622698306464	-0.0195206510214347	-0.0445897440460576	-0.0088391050250988	-0.093508952081718	-0.00944906059669921	-0.104119264745755	-0.0111289770257602	-0.00388107415035009	-0.107164994786303	0.00419427515401238	-0.0752863003201525	0.0625554577022875	0.0610075490282621	0.0138799602206236	-0.0703775404032171	-0.0716072211221465	-0.0400189823396716	0.147038359899463	0.0754147036433144	-0.0566270251302246	0.00141188090415305	-0.0363578812453205	-0.015049866111882	0.135514400178164	-0.00505418771033912	0.0156457560301994	0.0993493095795532	0.0753095194075572	-0.0106238100041414	-0.0145938139282906	-0.0556190695123741	0.0879390590545436	-0.00696609488478703	0.0380587006147217	0.103439538659302	-0.0131074173760903	0.00701504584421555	0.0471824878621867	-0.0431107837832478	0.0772487169878678	-0.0220906855120823	-0.020303949821168	0.134527343604144	-0.056327189805948	0.10652541593449	0.0566525044644316	0.135926798250473	0.0103196360036248	-0.0890204848286509	0.075380264831812	-0.0656178022137919	0.0462729750149167	0.0213684870545827	0.0306808781083541	-0.0551571317897297	0.0914134347728242	-0.0899326380288517	-0.0170618651544593	-0.0368776716546	0.0327101769774312	-0.0473780750742691	-0.0372542808228124	-0.116381737745319	0.00851774998398548	-0.0566207027326093	0.107914409199126	-0.000759459878229236	-0.12675254957211	0.0173868796509748	-0.00971369645771931	0.0200746187746024	0.0651240797737007	0.0548152058643129	0.0141734982957951	-0.0986266692794749	-0.0736763376382527	0.0525482540726356	0.0531352315839603	0.0583655019869164	0.0118763575257493	0.00156808920403248	0.0655292557123105	-0.0727849879621445	0.0923837132821792	-0.0630549687421451	0.00700963739984056	-0.0416710818361333	-0.0234937110301075	0.00582913717247172	1	-0.00225546574103948	0.0241918172276598	0.0409208078494658	0.00762899441356949	0.026850999524563	-0.0622474260867896	-0.067480181785035	-0.0351301905230544	-0.0105242770077807	0.0963764591819176	0.0852160748831228	-0.191714128040742	0.141566275328265	0.0480553109759622	-0.118014549224486	0.00789843968175991	0.0639176019847996	0.0254176400398134	0.0656546443652357	-0.0531954504263351
-0.030886112995967	-0.134091478380168	0.181831037091646	-0.184932194172797	-0.0742090109478405	-0.0510481658284931	-0.0840726082913803	0.0326241295297349	-0.033734481478596	0.113575644271506	0.0362041236563618	0.0957933933814803	-0.0103522987417147	-0.0255042888721955	0.0851249729348947	0.01480331303149	0.0139411772092019	0.0311536395291795	-0.0121755018724655	0.0016329048689259	-0.0419088666038951	-0.0174241407403002	-0.0140120631660402	-0.0690925612230705	0.0229487698709644	-0.00731362159568917	0.00796347739512047	0.100654536728657	0.0716473672649539	-0.076720753077933	-0.0464450223577788	-0.0409173404928846	0.0793395359285806	0.0861191404265444	0.0547311320730776	0.0608051490649679	-0.0541246290173659	0.126125167312794	0.0326892791380799	-0.0481044137060317	0.0542011772900344	0.0666355223617682	-0.0641112142294006	0.072731476471899	0.0531927809703419	0.0600497309432163	-0.111764001174137	0.00568194372704461	0.0854468544251445	0.108996738127901	0.057732342422284	-0.0242080663074774	-0.0340641552979219	0.0294596867820424	0.0112903460836541	0.00272616284049161	0.0625801120735639	0.139359066607898	-0.0214053865818074	-0.016478770487469	0.040843667616799	-0.0145048263175101	-0.114316024933946	0.0251004969607328	-0.00804427796081254	0.00391047373356358	-0.0356067539598884	0.0236603471518276	-0.0106770397425342	-0.0308238422825357	0.128530950261176	-0.119946480918349	0.116249870389384	-0.00606905840473799	-0.0553717683377105	0.0836287742126759	0.0921095349410693	0.0310803086877193	-0.121243857549111	0.0128880879229676	0.12660792886174	-0.0549336032605111	-0.105487512505165	0.0506755681132131	0.0239042189217742	-0.152662179094572	-0.00155114638655385	0.0512227698952379	-0.0605450630886744	0.128703965757858	-0.112726597682925	0.192317700181547	-0.0405611095411261	-0.0496824030035644	0.0760521936766937	0.0381553538129616	-0.0205268387247574	0.0203675727960939	0.178504439166553	-0.0626256393403141	-0.238149824999245	-0.0356448104490397	0.0791143466619509	-0.00455921875981801	0.0352341921583834	0.0604619122375587	-0.0177895653492474	-0.00225546574103948	1	-0.0590294693503085	0.0715125855079248	0.0184059212618143	-0.0922643625864332	-0.218529892278658	-0.0380917366576572	0.0250970022075408	-0.0511990057184075	0.133259547962737	0.00846427417672083	-0.0760693499370657	0.0552197980966182	-0.0371913108009236	0.0666407125643756	0.05198248146049	0.0705254216694889	0.0375139685672402	-0.0184360976890195	0.0133444884169815
0.105736467531462	0.134806228689307	-0.0581473691836859	-0.0113865397371582	0.0150805850355481	0.0202931679725969	0.124729472209285	0.0551169056132247	-0.0963841211535045	0.0938658250927954	-0.0739795860068539	-0.00338045500910757	0.0270950820160398	-0.114495201717404	0.0131279428412249	-0.0957339942209491	0.00945260803984603	0.0610576583657104	-0.0671163748100154	-0.157061860700251	-0.0561815274369502	0.0094387886503688	-0.0553644397146399	-0.0323740773113722	-0.0460632030695341	0.073794215133447	0.0574482125564955	-0.00843475115955773	-0.0399629509109994	-0.0152666295295981	0.0369432689216837	-0.0140808306521508	-0.241872998535589	-0.0103941247646791	0.0165819206314733	0.0572452557301865	-0.00820705246484023	-0.0365371762770565	-0.0532472930677089	-0.0692614951400986	0.110040174919586	-0.131284410617916	0.0611685731414988	-0.108956985824816	0.0251831825603047	0.0159296997171436	0.089057338880464	-0.109614690851458	-0.00912920868216232	-0.00886975178077024	-0.072074997985141	-0.0630970407439275	0.0615546675213017	0.0725745784827932	0.0238905714244248	0.0147456129087423	0.0462904555105554	0.0115996201751231	-0.0387296437944363	0.0358692560374265	0.00947067820419847	-0.0140532771542732	0.0557315196622118	-0.0790937007704551	0.0786256684575253	-0.0464165123560045	0.0324657960619468	-0.0457637418176831	0.000862711574896023	-0.12871028737112	0.0326469320762797	0.0233697486846773	0.0955302183312264	-0.0733067882756795	-0.0349612233678967	-0.0791670201788685	0.00675541734273357	0.0166246513835555	0.0625112639001618	-0.0613408444308144	-0.0172815697926391	-0.0297429222305014	0.100351907938564	-0.0773564818700438	0.0764075431579802	-0.0300848771255627	0.0659657452759729	-0.105537324534498	-0.0750368452594438	-0.0656925823383087	0.0142395215884827	0.0119633752046466	-0.0897452085629628	-0.103761965492916	0.0294551516263767	-0.0369871385925681	0.0741713889005465	-0.0218264919609764	-0.07028619756937	0.0040107236289641	-0.0262936726771293	0.0288164051144931	0.0564299173126814	-0.0698955254002033	0.0830234529475516	-0.0219092727952412	-0.117106844742299	0.0241918172276598	-0.0590294693503085	1	0.000734842420642091	-0.168590686033012	0.0242179874428864	0.0719383451088432	-0.0014571947552565	-0.0556043326195711	0.020168769640146	0.0367240842809632	-0.0170309755487307	-0.124931431495609	0.0589676724318045	-0.0922015910487354	-0.04066509367345	-0.0593531865636494	0.0366959920005349	0.0269682597480489	0.0558927714417882	0.158904768063785
-0.0254282069980311	-0.0974794953625898	-0.166078039322856	-0.0253782510248556	0.0428568178544154	-0.0820331006750524	0.045927356908488	0.0352236007559389	0.0291960770729861	-0.0630883583184624	-0.00349872820605371	-0.0777235362980113	0.0420788284958157	-0.0110029474711218	0.0193798932461794	0.0540993783768688	0.0326645814824584	-0.0828250285114193	-0.0672452041218085	0.0510373530703719	0.112536721209502	-0.0253358638511049	0.0495736433687728	0.0053719444450379	-0.0172644537358544	-0.0522658652152592	0.0658822307341419	0.0640111886673852	-0.0331180630314402	-0.0225567222843138	-0.113512751301373	-0.0578550258291427	-0.01854332760861	0.0103081144767035	-0.0444932007325108	0.00232767137547638	-0.0647136574282645	-0.000609964111201378	-0.0233443871605367	-0.0799856541197002	-0.0136088266705552	0.0230005369257793	-0.0409817434230823	-0.0158031265327051	0.0566253889498216	-0.040718072113195	-0.0478823406841002	-0.00403290053772024	-0.0258271404312274	0.0534796277947729	0.0210895800085393	-0.0825193158094876	0.0314241685058505	0.00855990992997085	0.0572402180325774	0.0352853387720856	0.0506433776253637	0.138897823664179	0.0657862978325645	-0.0157546597611751	0.0372360384239149	0.00859169134724751	0.0353101204600618	0.055044143142721	0.0219950221974444	0.0242872022862569	-0.0965396753839955	-0.00423866814692489	-0.110366853263011	-0.023180388314025	-0.0263213792079832	-0.155997810446533	-0.0514278463093237	0.0532341841165276	-0.0649486297951881	0.0664934306489587	0.088506553926433	0.0457856599117819	-0.0486349859665979	-0.0691753143747682	-0.00779048482204373	-0.0584232723947315	0.00419326059319242	-0.0306776437488011	0.0455777381351718	-0.0329718486189146	0.0335004751290533	-0.0409101139058096	0.0352164866672058	0.00984326677730117	-0.077164074124144	0.0872323002453939	0.00131750709617823	0.0561646244562433	0.114167883045844	0.0936569579425904	0.0513192391739538	0.0642912316894565	-0.0291638736342448	-0.00114585933744811	0.113632430724156	0.0632672334090738	0.0224754518554361	0.0592854139848489	0.0497885196644701	0.0779572426033463	-0.0377300377336187	0.0409208078494658	0.0715125855079248	0.000734842420642091	1	0.014560553102905	-0.0309869306897617	-0.12357857257521	-0.0265667734884558	-0.0389863665088773	-0.0234414019691825	0.0474413131796653	0.0457812724528993	0.0452196223089795	0.0444324284313065	-0.0563953397353527	-0.00871055640771855	-0.0592919748680739	-0.0156239931681479	-0.0579380694378656	-0.00014262112253417	0.0645419634012156
-0.0178202726169177	-0.080072109179027	0.0449354964768651	-0.0331500505495174	-0.0154971484955584	-0.0692709510281684	-0.0798727285522756	0.0546093459275365	0.0922589945779998	-0.195389539279425	-0.00158356680694859	-0.023723905673972	-0.081909833883104	0.0550853408870782	0.0711981051777048	0.0294729953193595	0.0228307299069308	0.00686676342897571	0.0390922315630372	0.124751836919697	0.0201001156583997	0.0340787321763544	0.0353790102755537	-0.115186463168456	0.0748731820646986	-0.0617864924824874	-0.0694941350407437	0.0410466373389756	0.0834638105980987	0.0161160555116667	-0.0133088491015337	0.192852098397121	0.190969553476351	-0.0336412856031904	0.0662009132058247	0.027842868684182	0.110437975167835	0.0113299713875159	0.0385745199374155	-0.0257111253007129	0.0144162450196795	0.119756901611185	-0.0947085974357885	-0.0149658397278005	-0.0852013407601917	0.0357391752419286	-0.0877831138774574	0.104900643054223	0.0136125318246463	0.035892107615115	-0.038282379430098	0.0369826341306398	-0.0407579076014938	-0.108581528538335	0.0361373578723939	-0.0382909587049919	-0.0189262020396324	-0.0198912826102189	0.0592950432280487	0.0098266038704756	-0.00846683102536247	0.0437438137656519	0.0152278982045235	-0.00329922588764707	-0.0665992663912025	0.0325972099061936	-0.0266958013710066	0.0614456152280169	-0.0642785552683594	0.0642448724091072	-0.0642960978401673	-0.0168845854384784	-0.274278173792169	0.0458188895622198	0.0129488346818588	-0.0215440127104117	0.0119130091046301	0.0398707227579451	-0.111262527171092	-0.0447624325444989	0.0109901923297978	0.0460044675595656	-0.00835560065068563	-0.0395439751607225	-0.0215313356366106	-0.12837270103488	0.0480412990537334	-0.0340371067665029	0.00249767084623685	0.0501725072444649	0.0590075277301712	-0.0236907464856522	0.0311745750154676	0.10095211932922	0.044193474609894	0.0882176331662359	-0.0221170366028188	-0.0418560999208831	0.0947943876606054	-0.0725493034972527	0.115910380103115	0.0557518667671778	-0.00582140332961805	0.0308103860891497	-0.156421468598418	0.0579893483617492	0.169764452032742	0.00762899441356949	0.0184059212618143	-0.168590686033012	0.014560553102905	1	-0.0732402971585466	-0.0485838471501601	-0.0013232239264134	0.0262002971005862	0.013856781776186	0.0718380058002323	0.0345701959701781	0.017866496861184	-0.0600251416287693	0.131817815269417	-0.0317632443385573	0.114812301837225	0.0109161597377275	0.0262559724542086	-0.0221221611993728	-0.0440098341675059
0.189051472308964	0.0701960511555781	-0.0268338498236755	0.041603727101452	0.0121138205438569	0.13857297706686	0.0377037987517865	0.16062556233749	-0.0754514571967943	0.0882194673938897	0.0761748592966779	0.00150340191884657	0.000927806787522323	-0.00271594617120476	-0.0140216435381981	-0.114029564062734	-0.128528396700185	0.0923897396181191	0.0261953657678476	-0.0330198228463399	-0.0677668790938165	0.062964607974927	-0.0188709928949657	-0.205944874077058	-0.0918830348377124	-0.102076709539277	0.0710534723588802	-0.0568675909850632	0.0872696337830026	0.121117496607727	-0.0785535639031108	-0.115278768711652	0.0372150308779591	0.053377088351284	-0.198467430996083	0.153231499668478	0.0760823272271444	-0.0342120631048562	-0.0483321250525324	-0.0251431350410379	-0.213120255541428	0.116571281918562	0.0469795610354424	0.0447810374718335	-0.0264167926891657	0.130480315111214	0.0138384682845372	-0.129807662215747	-0.0458914794629768	0.0283858024527407	-0.0461598350370063	-0.0802400109581571	0.12746635379878	-0.0720389356055292	0.0665321652564285	0.0793954336425809	0.0101343194686173	-0.104949050352475	-0.0244315552639209	-0.0341256017320568	-0.0347368646161746	0.0395552203017562	-0.0148460764806759	0.0861263271972895	-0.0307637475485969	-0.0158174119603033	-0.0445824712878321	0.150809758241018	0.183357427062035	0.0591172865806916	0.0262618764201804	0.122490867110254	0.128806009490957	0.152224048871762	-0.0868402929231256	0.0437331567081339	-0.0151686160961026	0.0378858162558044	0.123382609978446	-0.0327545100864583	-0.0652450643411668	0.107371486229494	0.111175419761297	-0.0919362428152832	0.0133125137243051	0.110874167047365	0.051628348650416	0.0413827600535856	0.0176998537965628	-0.144108103237464	-0.145610247530418	-0.14709655397542	-0.138083940553215	0.0484467541631733	0.0429077465832638	0.19424578663979	-0.109367539101359	0.0735201748850427	-0.0177864184749995	0.0115872232484109	0.060884699031302	-0.0400590964645902	-0.0712167084754741	-0.14649637067871	0.0931384637086875	0.0691838599161811	-0.0739349797278275	0.026850999524563	-0.0922643625864332	0.0242179874428864	-0.0309869306897617	-0.0732402971585466	1	0.0478423370330252	-0.092108078084843	-0.165029746218921	0.0275711465489672	0.000786533722135888	-0.173425806278285	-0.139131749901871	-0.131541594595502	0.0973349038522519	0.0112088717867324	-0.113679415500471	-0.030273320026763	-0.0162813088864337	0.0418349067966641	0.0812498854785793
0.0231056820965017	0.0461663608982151	-0.159898181758113	0.0193201802157857	-0.0755254634886761	-0.0263835840551502	0.111909604766502	0.0469196831558471	-0.0249244639024792	0.000613439574970235	-0.0690545193562727	-0.0193347329955174	0.0666242595302958	0.0107087937288666	0.0172632498759904	-0.0359359470284779	-0.0516959600178121	0.066956432302045	-0.0392615813021444	0.0496218238929894	-0.0338778644318703	0.0516296971242412	-0.0737484942513218	-0.00983759557062557	0.00422232970567759	0.04188380701921	-0.0155639020573126	-0.227510694030678	-0.0325758085576775	-0.0729749479505229	0.0212715774701931	-0.0800744951947071	-0.0700267917213139	-0.0702220479891905	0.00431125010930964	-0.012429670384821	-0.0229930613400234	0.0484661682007128	-0.0889430178260636	-0.0930675189375961	-0.066919585744314	-0.134557764214375	0.0712079451864562	-0.147948345813971	-0.058907269654356	-0.0183982183681297	0.118954505861174	0.0860447873222888	-0.0280145028818042	-0.00634280075707569	-0.02441458122348	0.0900488904372852	-0.0944320132306765	0.0114621670506141	-0.117429255198548	0.0152780121804951	-0.053067646376914	-0.055508999686454	-0.163648856431876	0.041703394628981	0.0997830608709325	-0.0604927124633982	0.0995941675316242	-0.00851699543301952	0.0579428329346045	0.0258777710902862	0.0158720832104921	0.0719821234629904	0.101650847716638	-0.0451127759130945	0.0379353756669442	0.197689733308916	-0.0958292537326655	0.0183769201344256	0.0496727903051452	-0.0964611040568721	0.00300055747239737	0.0366963527112096	0.0295326850479578	-0.0976202156338057	-0.0728960886946344	-0.0801997730373235	0.128263250326163	0.00863983597648325	-0.124065474737858	0.131150523678088	0.0431628187689161	0.0030068360237931	0.0398735870112218	-0.0440199427774529	0.0476267063405837	-0.160815601746671	-0.117087027432207	0.0217357818391676	-0.0684833941252024	-0.093135347466429	-0.00656189107709819	-0.047869945057563	-0.0484494188410228	0.108484625219316	0.0455086526811584	0.0537510289317244	-0.149407258204193	0.0695645745679498	0.182568289737248	-0.00162225826622229	-0.0688931562416062	-0.0622474260867896	-0.218529892278658	0.0719383451088432	-0.12357857257521	-0.0485838471501601	0.0478423370330252	1	0.0632835016753991	-0.0862036118835721	0.0984415754864728	0.0803753041636832	0.0147882550071479	-0.0579950579159601	-0.0727842138127585	-0.0337192211767742	-0.0225663466626839	0.0423476031711367	0.0352784419990761	0.00313758118445715	0.000354996412133967	0.0798157433465169
-0.0930641820712203	0.10919920220285	0.0785883774015035	0.131168867978902	0.0145396592808621	0.126996022825252	0.039215695548245	-0.0428015358898549	-0.0456719454351408	-0.00749431335518202	-0.033016554228967	-0.0907654038673319	-0.0556039077486854	-0.091492229254918	-0.024189986047176	-0.0300641906766505	-0.0786375442839636	-0.0302679676638809	-0.042290704341338	-0.0651018283284774	-0.0793804717644473	0.0129988821078802	-0.0796009808456623	-0.0143077843335374	-0.0451190427949593	-0.0538155521888071	-0.086318356019041	0.0517570593094714	0.0059164558507923	-0.0291019784674248	-0.0827500086991521	0.00807908916487816	-0.165771431017918	-0.0534476170399171	0.000936400903773514	0.0223004922691687	-0.0791630523081616	-0.064530012619463	0.0023418450545347	0.0648418752286073	-0.0582525523774206	-0.0702951940760633	0.0917289194287665	-0.0853451016516082	-0.162570878397671	-0.0884996206410984	0.124748652540719	-0.0431341210757727	-0.00623265257147852	-0.112594962418873	0.0717832464636639	0.0308985982370546	-0.125943435412183	-0.0208013372088151	-0.0626163045377655	0.0210119625198457	0.159181661060266	-0.0499142953694438	-0.0856765246770875	0.156032255359439	0.13181016000596	-0.0461568541493344	0.00525642458748488	0.0044473674344805	0.0365082515557859	0.0378622387862861	-0.0248724274711206	-0.0333882062522715	0.0667165574714779	-0.0369375244386215	-0.128161563771049	0.0310137752679415	0.0720030414253713	-0.0305732550616877	-0.0335949833590141	-0.0625162699183709	-0.0211487796367992	-0.0300142484100258	-0.0247433202262219	-0.033245820323255	-0.0316984828062478	-0.0741474259573521	0.0242031734344791	0.0127601184481251	-0.0652628036655072	0.0590146023659436	0.231400525925068	-0.000231355379674578	-0.0199202907827007	-0.086556386213756	0.00225358665792747	0.0469426680228991	-0.0833191570016199	-0.0411745402297014	-0.0817420284431333	-0.024890950058325	0.00887550025814361	-0.027896567310889	0.0878119195548253	0.130295142589375	-0.0788744428319163	-0.0158881917261619	0.054938357764582	-0.0581656433052515	0.0500961001221664	-0.0781368977818469	0.0287182644999956	-0.067480181785035	-0.0380917366576572	-0.0014571947552565	-0.0265667734884558	-0.0013232239264134	-0.092108078084843	0.0632835016753991	1	0.0659290823412972	0.121802903735336	0.0770176491858685	-0.111685585545693	0.059339962324433	0.0679012666863022	0.0330967886468175	-0.118841326186405	-0.0363746323015493	0.000144192585338794	-0.00891810013145489	-0.0306431690055421	-0.0524474011880222
-0.0510962935638516	0.0353802669356307	0.0769448673129383	-0.0368090311055362	0.102220829154183	-0.037837861544273	-0.0292752418070874	-0.036946162959869	0.00195237806253228	-0.0330494601755049	0.0383838586582331	-0.0147603249915321	-0.0708237882320398	-0.1542825795418	0.0450462483863157	0.0246907606381998	0.0959517383746295	0.0460512027120805	0.102593958980942	-0.0411721800469948	0.0297032237460163	0.0557815067834031	-0.138097837515134	0.198786430713007	0.154170728611264	-0.0366507615812891	-0.0708522724065595	0.0421425641637541	-0.0126126824649523	0.00181926322685505	-0.0535066327571181	0.0525713051926636	0.070055732867326	0.010012952355895	0.0812347925941499	-0.024461526964908	-0.0169685943667525	0.0388545467996708	0.0346377478450367	-0.00378541999745668	0.0418867758083656	-0.130152304573503	0.124410246198696	0.0430732875303159	-0.0590480418587496	-0.0150682978208916	-0.0116057237225251	-0.157227375855952	0.0156276139840465	-0.0817420649232366	0.00642400941342288	0.0321062328480111	-0.140595503887768	-0.020896247622302	-0.0157451438600942	-0.0643083830783999	0.0578935976138002	0.00930354498480706	0.0287124159034991	-0.0338477399526368	0.0586992270782672	-0.0136864243827518	-0.174572388363474	-0.0205400088232691	0.120142526009199	-0.117012199837869	-0.0294627821878647	-0.0723619874123059	-0.151407518829251	0.0878265555344206	0.0327952892230799	-0.0972438492562735	0.0117759322899808	-0.0653165457505321	0.0736019722143703	0.149415074131345	-0.0211443819598944	0.00428304593890979	-0.0570867140060672	-0.0208219761320599	-0.0226740788659997	-0.00962548291889656	0.0562836570138432	-0.0109638207422188	0.0789569546101255	0.0226715739648255	-0.0582064224137058	0.00736325017393316	-0.0190649904352637	-0.0581703655173066	0.0173657251870424	0.000534410328109871	0.0776074709612234	-0.0660277567243591	0.108353786418528	0.0409764929107525	0.0838414702677478	0.0824025030944122	0.0572181429083875	0.0071870983304314	0.124451613622539	0.0659631780463752	-0.0646022203391965	-0.0866319208066276	-0.0727315402865776	-0.00587727614656767	0.0569348319694	-0.0351301905230544	0.0250970022075408	-0.0556043326195711	-0.0389863665088773	0.0262002971005862	-0.165029746218921	-0.0862036118835721	0.0659290823412972	1	-0.0479459211911591	0.0184453171766122	-0.31727363498554	0.0947440516854328	-0.000113785206114046	-0.0126624462245472	0.0235113565730159	0.00809705702965931	-0.0178769199012287	0.0122035046361522	-0.0171205991757266	-0.0385802819690172
0.0201100817369168	0.0148690503795636	-0.0701879193402002	0.00678338089531967	-0.0863817379453805	0.000604972406180442	0.0380270131959177	0.0468202544582595	-0.00853919974035363	-0.0215140063289766	0.0243506177954242	-0.0256749482514525	0.00474013917817497	0.00535695482402827	-0.0871375066608751	-0.0126212727426206	0.0184510193698455	-0.0967362362544905	0.0183533307850265	0.0536031866323455	0.000196593841653581	-0.111702627589187	-0.02621776591653	0.0372149079651902	-0.0117645402598564	0.100367814717912	-0.0336511828587723	-0.0899798672431689	0.0253588664856183	-0.0828170384660172	-0.07468767461111	0.00850574419390141	-0.00563096736931279	0.019983355722565	-0.0495715300879185	-0.0139148761571647	0.0227378648775388	-0.112239629502461	-0.0450328049460819	0.0260886156054789	-0.0088987751402353	-0.00881322054900596	-0.0650292779851017	0.0362804508881419	-0.0743430166716751	-0.0145351353824131	0.0747511399852913	0.0442082278889106	0.0378582513277189	0.0268112038333769	-0.0792443896430732	0.00471964835985556	0.0144496343222441	0.049907863809262	-0.0806039937513026	0.0183970362233608	0.0478056169597446	0.0650801884118816	0.0721722232280919	-0.0210325690447328	0.00575251124825196	-0.0104039228689842	0.0176039073577965	-0.0191025945793097	0.111202663586097	-0.0241704992236321	0.082374847483765	-0.0194473137336413	0.0954398117216449	-0.028840835978678	-0.094403862975948	0.0593082932309338	0.0138025409080644	0.0545880996107415	-0.0424367295949092	0.0522241755746612	0.0346837004822401	0.0295985844027655	0.10313572922239	-0.103544264094228	-0.0542661089840127	-0.0825476264644725	0.0113026955693725	0.0345517264032016	-0.0555721008735769	0.0695361208143483	-0.018006722008439	0.0198977901460011	-0.0222261267574034	0.099399323467836	0.0135724438530205	-0.0529291721842257	-0.0514386384289993	-0.105815403825029	-0.00830693904684566	-0.0426096440769197	-0.0230889342934281	0.00645541021053631	0.0828059603820854	0.0165537303163662	-0.0061676455307846	-0.0256304685755345	0.107197031404988	-0.0564446173244787	-0.0341375188731314	-0.0679671707860428	-0.0368891774677927	-0.0105242770077807	-0.0511990057184075	0.020168769640146	-0.0234414019691825	0.013856781776186	0.0275711465489672	0.0984415754864728	0.121802903735336	-0.0479459211911591	1	0.0503039281173856	0.0911846488256053	-0.000175746260765423	0.0223669030332281	0.0666878901004368	0.0339635372819862	0.0314681449444155	-0.0371133940418724	-0.0531915072180713	-0.117614301373594	-0.0193439938810658
-0.0740600503220058	-0.115675020493701	0.0200618904485684	-0.0508090277909228	-0.228171584692354	-0.0277133213023663	0.063505315653804	0.161737503655084	-0.0835647776918652	0.155299751617531	-0.107656971096532	-0.00875856105455355	-0.131066317658052	-0.0970341118837441	0.0945082437195986	-0.0922322305816158	0.0700724069929727	0.00345548510643141	-0.0817670505349636	-0.0234273623372009	0.0167516970148862	0.00320583836231703	-0.0458684014701103	-0.221553734914821	0.0945800967537081	0.031378557350761	-0.0617121096046911	-0.0155189150223368	-0.0850086429906551	-0.0313461429776032	0.0637442663322709	0.024250676916444	-0.00791605132903281	-0.10880509517588	-0.110735630492241	0.123223304715965	-0.149726645079895	0.00762656244364805	0.0703713733947622	-0.0717608307027272	-0.0198179707136718	0.0969022046669033	-0.0286343317908205	-0.064137129214512	0.199169949191167	0.130413263434407	-0.0204137182722808	-0.0583751288905595	0.0108534081886302	0.125107263799534	-0.0358437851545308	-0.0487473925327906	-0.0274109852543123	-0.123795283136848	-0.0126325082924289	0.118236046246359	0.00654763278734055	0.127331338601396	-0.170895474598305	-0.00668070814919925	0.19464541967046	-0.090034525260668	0.0955967239442616	0.118119364704085	0.117555217602391	0.0270241614161879	-0.116150189854505	0.115990543297455	-0.039908337804413	-0.0800162685109862	0.0687003353490615	0.133202739619793	0.0176162817184378	0.00545594219340831	-0.0650961614531219	0.0576917013068873	-0.0149839161268043	-0.0272063984838726	-0.128222354597331	-0.027516024991526	-0.121157689721539	-0.0814727765464831	-0.0445599947908925	0.135133751794735	-0.0119164788869485	-0.179378954274837	0.0388932047000509	-0.111263676706933	-0.0413742644125508	-0.0280359596655875	-0.0463317819387317	-0.123771358141579	-0.117281328023108	0.027176789848993	0.122964223115258	0.0598449209636271	0.132638518400837	-0.0272850585566625	0.0452276047910321	0.0850021821594836	-0.0420615121295932	0.0576484921237744	-0.0315291090359316	-0.0340113122017539	0.0996817183251056	0.0620510445397546	0.0237178313037725	0.0963764591819176	0.133259547962737	0.0367240842809632	0.0474413131796653	0.0718380058002323	0.000786533722135888	0.0803753041636832	0.0770176491858685	0.0184453171766122	0.0503039281173856	1	0.0505642403404107	-0.106762637717521	0.0639740297116171	0.0446642098707729	-0.0696234480205695	0.0626169248179052	0.159759313409625	-0.024130743771367	0.0682028635603065	0.0962211484614128
-0.102483456365562	-0.111212689486468	-0.0880726055497337	-0.0786727098209197	-0.0302121078150167	0.0222622818825437	0.0655492451443766	0.0562968526248843	0.173316308177513	-0.03512149565513	-0.0772397158386741	0.0150940145202966	0.0101357380476404	0.100333530415831	-0.03284901111802	0.0558327284920782	-0.0045304569223596	-0.114687909224148	-0.044090229120261	-0.0630028106494768	-0.0156267863765541	-0.025033605071461	0.0917672553480835	-0.0254094289391406	-0.0270960649352161	0.0846601092165827	0.0291966131688752	-0.135943916872094	-0.148111131006552	-0.119041420202684	0.0780211719678079	-0.0147435205928369	-0.0536117171938044	-0.0482464848064286	0.0038987201920251	0.0140413223884346	-0.0912874846826475	-0.0304003726698792	-0.125693598932661	-0.00609841572972899	0.147970355151554	0.0720513839608769	-0.0904747102315166	0.00778333699117884	0.0424860198952999	-0.109216036433025	-0.0335113247445808	0.165954335111469	0.0014920268820792	0.0319717917444858	0.00189612053480146	0.0906470661056297	-0.00259518896228791	0.0587651996123693	0.101972680954084	0.0211215298906657	-0.0208315363420089	0.102462769969876	0.0924649276335729	-0.0128348125702443	-0.00991578529802085	0.0845325920150413	0.188553852944145	-0.0961314395314682	-0.00374425435326685	-0.0103287963658305	-0.100067997313186	-0.0187072029539083	-0.090654375040059	-0.0504808410840739	-0.0538246327465261	-0.0493181808422545	0.0369778581470281	0.0785450721722444	0.0376398529564002	0.0472699572783331	0.139454792666616	0.0186185803284704	-0.0940743282587072	0.008530638151926	0.0578911500296228	-0.0709804834648847	0.00619145189617635	0.024013117958099	-0.0951585897437314	-0.161831514335827	-0.0468777582809099	-0.0161677103137486	0.0105765426675551	0.155991697388042	0.236075840003985	0.0465463432882023	0.0515391464114538	0.0778102500464337	-0.0589206895924837	-0.220406350688583	0.168883328950416	-0.0337939647412126	-0.0378010930643089	-0.0599940548446935	-0.0533246949054786	-0.00884628446523069	0.118457320598566	-0.042927520829957	0.07862407458761	0.0123547955117236	-0.0927807795154748	0.0852160748831228	0.00846427417672083	-0.0170309755487307	0.0457812724528993	0.0345701959701781	-0.173425806278285	0.0147882550071479	-0.111685585545693	-0.31727363498554	0.0911846488256053	0.0505642403404107	1	-0.0642656458764553	0.0249235717677617	-0.0983158789800205	0.0480814604512454	0.00402913621478558	0.0625255904120648	0.0124252361373981	-0.038470035419032	0.000657247519641935
-0.0933478588696221	-0.000377677409461081	0.0495538092672146	-0.0942920970218956	0.143519173190515	-0.0663770660732474	-0.0930027971049312	-0.189822524167953	0.112978458304831	-0.204303582049809	0.077362949348441	-0.0246351258754756	0.0039427757064724	-0.0187903016615153	-0.0440310548973903	-0.0474725405315063	-0.106168312021594	-0.0321440006911142	-0.0794417563890851	-0.00326080638906983	-0.0393095042622513	0.00719114998886985	0.0670530225835786	0.184390054186864	0.00245661849611342	-0.0955391665269874	-0.0557764870133411	-0.0297543071523441	0.0860526321439933	-0.0361739641592344	-0.0292273303436571	0.0727493658262495	-0.0104541985810625	0.0597266016032992	0.0166475289927595	-0.127582404693655	0.00267357434246103	0.0162223342173199	0.0260232303457017	0.155792480537931	0.0956060208475248	-0.0470335904783594	-0.0319808384743871	-0.0345663595059683	-0.0458444003390848	-0.171658326580814	-0.0214267853654467	0.127505547104123	-0.0345418588405977	-0.14790100204791	-0.0179884604773472	-0.0323569471843045	-0.127336596402379	0.122433945215866	-0.0225086726744803	-0.0954837677893827	0.0550831570386546	-0.0391754488466844	0.0499555294370129	-0.00408645689738982	-0.145942875332692	-0.0492723418036322	-0.0055121677037309	0.0462405412336659	-0.0607035670757737	-0.0193750547296936	0.0773988736730499	-0.20903141368356	0.0838341377776963	0.0230193597133172	-0.125733083276069	-0.0822006520600396	0.0951388131152621	-0.0473087306205817	-0.0458243713467123	0.177962734011077	-0.0960339076930761	0.0810552716001808	0.18237882773153	0.0920807760397788	0.0138020771594788	-0.0399346375628689	-0.0592386390983389	-0.0244217229867235	-0.0155795715935738	0.102136752141868	-0.000145395142033218	0.00241693388190944	-0.0463262304772607	0.0308872622628251	0.019972701179102	0.0679243384361776	0.198968697784622	0.075808455909544	0.0706872380096289	0.0433814970555982	-0.165694414995211	0.00845915285293464	-0.0579363449786792	-0.158338847414029	0.197837765337068	-0.0508089814866187	0.0787762973642441	-0.127011206273345	-0.118510558423629	-0.0962376637602355	0.137141349947226	-0.191714128040742	-0.0760693499370657	-0.124931431495609	0.0452196223089795	0.017866496861184	-0.139131749901871	-0.0579950579159601	0.059339962324433	0.0947440516854328	-0.000175746260765423	-0.106762637717521	-0.0642656458764553	1	-0.0589128127220128	-0.144929369906299	0.152665934206061	-0.120888075148509	-0.11856901602651	-0.10326319833079	-0.0199708015879872	-0.0613795534062602
-0.0162807249323767	0.0271243050931586	0.0353680130409383	-0.00317088040325647	0.0110501256536525	-0.01761794537036	-0.0647872351730104	0.0739901453300076	-0.06788704883374	0.0990765602866175	-0.0474619388470967	-0.0358987079235737	0.0313326396653674	0.0495544692032578	0.0978257322466957	-0.0031539628473869	0.0323614017578576	-0.0871376552655035	0.0171974699828233	-0.10530342169263	-0.000315363670780174	-0.0134945245841141	0.0427202736758763	-0.0878860180357815	-0.0259007462445626	0.0259686528216509	0.0435843167978739	0.0139771208470861	7.01491348492331e-05	-0.050506042884599	-0.0146750277511303	0.0354397631291136	-0.0131669851237464	-0.0189523837865117	0.130186447029437	0.0120738038177701	-0.00942559103432597	-0.0573356772612728	0.00938724013362238	-0.106214619404843	0.0569474466156226	-0.00334244463824582	-0.00306900055113006	0.0423226244850141	0.0372578389898611	0.0767206754476256	-0.00734490648225102	-0.00286820666138573	-0.021513787466354	0.0536013893819519	0.110475361874947	0.111392869258687	-0.00804508046818587	-0.0364305150089019	-0.0203402852649805	0.0681017258264055	-0.0308260307070655	0.0997222661540488	-0.0231558209902799	0.0131000128828476	0.105434481097769	0.0131511681161229	-0.0157392104511662	0.0490494993393047	0.0662893358188266	-0.0169339941579021	0.0164122896028568	0.0342135890769718	-0.0544309901712307	0.0325322727853205	0.0457541444062427	0.0399760782434312	-0.0398345800050614	-0.0117111502388045	-0.104351647217949	-0.0481208503269032	0.0616434079897928	0.0230091379242346	-0.126709697533362	-0.0963694396211555	-0.0432284466289723	-0.0129027510339641	-0.00163336270817296	0.0136647802424936	0.0721432658455414	-0.0780418016179978	0.0843710370638332	-0.0177372566880184	0.0107655686006054	-0.0325589050839256	-0.0648447905069763	-0.0109580358262317	-0.0335585917456932	0.02937494739795	0.0371325518519436	0.00878339330508196	0.0172237604073331	-0.0333105414610586	0.0880546493527024	0.070584410066824	-0.0937804105050807	0.128443702788848	-0.0285357904989436	0.0907529823592249	0.0449978869981415	0.0302956155818047	-0.0285128906315626	0.141566275328265	0.0552197980966182	0.0589676724318045	0.0444324284313065	-0.0600251416287693	-0.131541594595502	-0.0727842138127585	0.0679012666863022	-0.000113785206114046	0.0223669030332281	0.0639740297116171	0.0249235717677617	-0.0589128127220128	1	0.0573866341594913	-0.0787379156187221	0.0628258653212091	0.116745370343566	-0.0239039978583468	0.117605323172834	0.0129254673780901
-0.0139711977312457	0.0492689179274068	-0.106461730391949	0.171470271388478	-0.015753058592843	0.0916143870030456	0.0121012866151596	0.0579811131339115	0.0157543221244457	-0.0114251738273267	0.0231779740280374	0.0197956320449136	0.0502248293649134	0.0264899769010061	0.0453842293014883	0.0555073990475758	0.0107862542323141	0.0909444137158596	-0.00525072912875117	0.09570419482802	-0.0299454083969547	0.0251280989014554	0.00994213280717083	-0.192710723058601	-0.0369615509333812	-0.0787804658213758	-0.0693784170659801	0.0712038589695871	-0.0148552844030793	0.0046625365727781	-0.0987588643298669	0.0623220635513721	0.0262809997856383	0.00195310538304905	-0.00936883134075231	0.0598348070212608	0.0899182231288932	0.00948547215769033	-0.00780456905959067	-0.0836930166565869	-0.169185739633473	0.0839125942956927	0.0597176639040753	0.0665901399096635	-0.0015030550275154	0.0667135284031652	0.0206608044313975	-0.106826979045868	0.0440691575816686	0.0990694738851673	0.0662511096936017	-0.0453992434444376	0.118424315163267	-0.0633313854723056	-0.0391045368400079	0.0676164342226211	0.0527070276792889	-0.0837143662885087	-0.0158907728165589	-0.058379795903588	0.103356052985193	0.0372663728172052	-0.00520640815374984	0.0937240770995715	0.0224758715879964	0.0572126704596825	0.00338120377797162	0.042282601300236	-0.0944788305460311	0.0453065119696378	0.0912288299824397	0.11008293767166	-0.13028470095929	0.00204499584088008	-0.00049922268674968	-0.0229255558477809	-0.0515884119152871	0.00327519058290315	-0.13864045411783	-0.0832240844917343	-0.0268466182936691	0.0172826198978522	-0.0821405011796474	0.0205154740170463	-0.0261738280362473	-0.0639281612316764	0.125489134855302	0.0494392685363768	0.0329032439539225	-0.0290229913989083	0.0152123546268432	-0.0519301015975118	-0.0723699194296202	0.0218717229971138	0.0449432905663929	0.170852709909634	0.0438213874617037	-0.0188124562481942	0.12410132899416	0.0906226973506737	-0.0168206382731931	0.0828852898418467	-0.182272496872476	0.141548392080458	-0.0384762510943241	-0.0442640387564144	0.0441916418375632	0.0480553109759622	-0.0371913108009236	-0.0922015910487354	-0.0563953397353527	0.131817815269417	0.0973349038522519	-0.0337192211767742	0.0330967886468175	-0.0126624462245472	0.0666878901004368	0.0446642098707729	-0.0983158789800205	-0.144929369906299	0.0573866341594913	1	-0.0522921609288363	0.0902608269062163	0.0413758963588902	0.00789764942040449	-0.0188909291839989	0.0216999507018533
-0.0320722401566309	-0.10567925796336	0.0711286598303148	-0.11233478805983	0.0243309636218706	-0.0713767107182498	-0.0675511316994694	0.0183827485651713	0.0395489488528352	0.00106963620791882	0.0659189100889996	0.036768638014941	0.0268990157179225	-0.0110390830711372	0.0393455141832323	0.0115708957367966	0.00526092499085352	0.0456106949237491	0.177104873084979	0.049485461820043	-0.00274732787717609	-0.0771548622419844	0.0256959357652627	0.185407625556255	0.136288022237218	-0.0354814146597198	-0.0540552160182015	-0.00112138020606099	0.0318600859683958	-0.0290644469388622	-0.13819444307379	-0.00408799047302043	0.109530009591522	0.086631060131238	-0.0694600649354691	-0.157394656631956	0.0290437735948142	0.149176586597337	-0.0334495669856997	0.0396779766917234	0.0549281120259486	0.0507361857415095	-0.17108417628768	0.00655989172761914	-0.0501139590771205	-0.03964936319421	-0.116505378239535	0.0604339536395297	0.000625385781285352	-0.046239597384559	-0.0506718331418758	-0.00994867764483762	-0.0735640287255291	0.0424756358924516	-0.0371757872698879	-0.146798857691574	-0.00550150713102839	-0.0260116712955392	0.0104932907653494	-0.0613400397923125	-0.120304939489246	-0.100609020641857	-0.101218704689646	-0.0617537660565959	0.00430408854650027	0.000373170884570018	0.12483116183729	-0.0682255175732403	-0.0396877916140639	-0.0156415152229963	0.0877466489195494	0.0127247332606163	0.0603286492528547	0.0793782737168742	-0.0227037464576136	0.126756985044683	0.0268761892071977	0.027777163320557	0.0746232526202855	-0.00683951478486405	0.0626768971391512	-0.00286674985568268	-0.109800063134147	-0.0749446113079059	0.0870039907118344	0.0131018715805828	-0.129088068001819	-0.0204322112536726	0.0153226265240609	0.044225922721047	-0.0374185493268443	0.0301024782507031	0.0971698059833666	0.123580843705659	0.0595024362245068	0.0129507065553738	-0.0338338720751393	0.0709408548165109	0.0650103539303304	-0.0354443916512186	0.0756777306031412	-0.12887011833582	0.118811378347833	-0.0878641834994923	-0.0694932765985651	-0.0252082524969586	0.0322793941951591	-0.118014549224486	0.0666407125643756	-0.04066509367345	-0.00871055640771855	-0.0317632443385573	0.0112088717867324	-0.0225663466626839	-0.118841326186405	0.0235113565730159	0.0339635372819862	-0.0696234480205695	0.0480814604512454	0.152665934206061	-0.0787379156187221	-0.0522921609288363	1	-0.0275450648568823	-0.0113503190014449	-0.0216310371386228	-0.00656054821037584	0.0481365127917239
-0.052318367377605	-0.0820675672817189	0.078093368457165	0.0318898265644723	-0.115405453893439	-0.0303839158119902	0.0768326063540758	0.117226224310004	0.0128843506452369	0.0785288277089633	-0.0964163990565843	0.0356798422198512	-0.0393497104126277	0.0592142639009928	0.0445809729712227	-0.0559076999398407	0.000407674895330142	0.00632926929015166	-0.0236476542481069	0.0722267347004109	0.05238664251391	-0.0732309149621084	-0.000951544285180686	-0.104109363914189	0.0790312711589097	0.116793314565667	0.0118221323799222	0.0289598708279805	0.00972684606014699	-0.137909050406879	-0.00609099321928854	0.0227459837855568	0.0482371232728808	0.094315741366342	0.0121170861767633	0.00791029517854499	-0.00428887184091353	0.00854021465710395	0.0882761684991815	-0.132114108119123	0.0539232803713715	-0.035922189859464	0.0238897702726766	0.0854911168544459	0.046899446294204	0.0398055814826946	-0.0485953767214649	0.00809668080038442	0.0383254733880141	0.110444276426956	0.0496732694801642	-0.0602157404285036	-0.073975122984356	0.0119982289858465	0.0131655092320284	0.0958356162284612	-0.00319856153398258	0.0642874066240781	-0.0525566209383885	-0.0467159514291339	0.112170719424735	-0.017274683887677	-0.00370367614038409	0.064971965396994	0.0373570124406195	0.00514493358794364	-0.0748626166736895	0.0265232420114562	-0.0772596052450535	-0.0305681777142467	0.135380109308741	-0.0742736145977351	-0.134978712391551	-0.0590870142476366	-0.0172913123490392	-0.109305227088656	-0.0396080237272056	-0.037125785495862	-0.171308406148877	-0.0239479364681622	0.0907743884227163	-0.0394635348751793	0.0185522389749595	0.0380205399207134	-0.0643434465286461	-0.089639899237593	0.0190257289761014	-0.0146867056242713	-0.0188058723127636	0.0525923842744283	0.0106870856086943	0.0437188472162085	0.00530646807382251	-0.0426461065803468	-0.00494295791733508	0.00438405242458283	0.114663269043646	-0.0708704934626797	0.0684325076425356	-0.0462415703251019	0.0277232744484486	0.0336259667929261	-0.0653255280764364	0.0819230620876932	-0.0739937265003312	0.0394076160707745	0.0010623463219279	0.00789843968175991	0.05198248146049	-0.0593531865636494	-0.0592919748680739	0.114812301837225	-0.113679415500471	0.0423476031711367	-0.0363746323015493	0.00809705702965931	0.0314681449444155	0.0626169248179052	0.00402913621478558	-0.120888075148509	0.0628258653212091	0.0902608269062163	-0.0275450648568823	1	0.0877440065386781	0.0660439494791671	0.0688207886093102	-0.00445109268828868
-0.0605058921040509	0.0348368661799573	-0.0201164057826554	-0.0602482409539764	-0.204260050450973	0.0762698654742773	-0.00730004629018528	0.204334920225746	-0.0877747343478309	0.0603589366360147	-0.0792695592905787	0.122112109691867	-0.00230588539545908	0.0676101400786255	0.142146794238149	-0.023976314613284	0.0261966190316416	-0.0319451092333027	-0.0724968440294977	-0.00361292588807205	-0.076724281977807	-0.0368197871460704	-0.0535525097383479	-0.302699596364408	0.00314148021168448	0.013199797698652	0.00409630142940901	0.0172683198879365	0.00197595855490393	-0.00103453301258631	0.0332044898869199	-0.0282878182796083	-0.0178214446123851	-0.00890193529797471	-0.0161523245307426	0.0412805543570981	-0.0515000616919126	0.0318782188064689	-0.00656166142509553	-0.215219010299796	0.00748263502196648	-0.00621183597324532	0.0601352213072932	0.0458790064653816	0.128068383390633	0.0984388733833324	0.0357925941111033	-0.110760286389246	0.0827460719015756	0.066432421873496	-0.013592448600192	0.0337794275983207	0.0123217023593735	-0.0628403845269441	-0.0293452370902367	0.0446725763913255	0.0259653804931037	0.081534548512142	-0.203026797332176	0.020724897988351	0.172851545447628	0.0406037795709195	-0.015732054898262	0.0381500689814542	0.0861940034418344	0.00407526382476472	-0.0422208570122609	0.0315308175739042	-0.00482605089505998	-0.0167184702796763	0.060455129606035	0.00922336312842202	-0.0729622267798694	-0.0736120081549197	-0.0457222593659817	-0.0849113359805452	0.0574818042069634	0.0175572050939998	-0.178305074479847	-0.0175066272385471	0.0725186333149282	-0.0380109442414548	0.0116855564186034	0.0758185141626374	-0.0216678894128082	-0.199852081581893	0.11166222328703	-0.0423691394257649	0.0444976850888049	-0.0058104280995979	-0.0384982816800945	0.01923051972222	-0.123178530349156	0.0185318948296216	0.0985978969784517	0.0161567542695267	0.100313588439929	-0.0580790579237634	0.157151099705626	0.105758437452405	-0.0519965241202678	0.0608705367946892	-0.0480840222837519	0.0617864555166697	-0.0253127895136988	0.0495974795581177	-0.0737423057578304	0.0639176019847996	0.0705254216694889	0.0366959920005349	-0.0156239931681479	0.0109161597377275	-0.030273320026763	0.0352784419990761	0.000144192585338794	-0.0178769199012287	-0.0371133940418724	0.159759313409625	0.0625255904120648	-0.11856901602651	0.116745370343566	0.0413758963588902	-0.0113503190014449	0.0877440065386781	1	0.00329910395971541	0.0414227170546171	0.0495258254961064
0.0472371202010697	0.0517231914181012	-0.027857052982802	-0.0402611576928878	0.0283269808580997	0.0308254619969616	0.00475263111172636	0.0992860147969492	-0.05847923213095	-0.0369716535269786	0.0111958133481745	0.0505234759397641	-0.00139902836782137	0.0421785476585068	0.0422402639772423	0.01714877557046	0.00692897957047957	0.0679416043564403	0.0289544174971015	0.0046427056258139	-0.0557070095166234	-0.0371460529316506	-0.0964012634914621	-0.0159214885914417	-0.0563392220961562	0.0173328535076858	0.0283741012061983	0.030285690816283	-0.0350958590303291	-0.0413874227267863	0.00371615874550314	0.00212517442678036	0.0413731034674653	0.00718451670085425	0.0253516420370606	0.0209513602266644	0.0607312788927152	0.010548020897638	-0.00931047817000421	-0.00726597522523927	0.0192674804639669	0.0435129147539786	0.00719150761330379	0.0193633227137602	-0.00758517873034609	-0.034631648077313	0.00243701765665874	0.00253731179342965	0.00368854065844625	-0.0767268394532518	0.022082126954931	0.00710063420340222	-0.0699933956866189	-0.0391450424511733	0.0495875821977431	-0.0817863161989823	-0.0353032446186324	0.0308590513194042	0.0389388577989364	0.0703146647532195	0.0777003446021558	-0.000506165330679537	-0.0757338375361949	0.00226031891821961	0.00613799533563355	0.0269387828840921	-0.0106746800103172	0.0492177750754433	-0.0495247672301691	-0.0442114388500773	-0.0174301295807829	-0.15483173280772	0.00373781379062996	-0.0443982053362892	0.0574472729366039	-0.0618231116977212	-0.00493263068405673	0.0535826496731457	0.00973134665421604	0.0194862740280274	0.0210494678251705	0.0120406873146398	0.0068288014628962	0.0175948650803943	0.0342974550943221	0.0108100030464406	0.00100050988518993	0.0156594793238492	-0.0322017549876306	0.0568806850737306	0.0261823562852402	0.0705481254748977	-0.0618635370744321	-0.182190262063422	0.0540037816245869	-0.0637688855303058	-0.0343818569669252	-0.00620653653161533	0.00183061082382643	-0.00611078973120666	0.0101637513096272	0.0386313024215099	0.0947768568798816	0.00939842520106763	-0.0453580554284106	0.0098439055886705	0.0194199972306164	0.0254176400398134	0.0375139685672402	0.0269682597480489	-0.0579380694378656	0.0262559724542086	-0.0162813088864337	0.00313758118445715	-0.00891810013145489	0.0122035046361522	-0.0531915072180713	-0.024130743771367	0.0124252361373981	-0.10326319833079	-0.0239039978583468	0.00789764942040449	-0.0216310371386228	0.0660439494791671	0.00329910395971541	1	-0.0480351390844856	-0.0254417224281945
0.071213331738031	-0.050277990398525	0.0200848174151063	-0.0119982163541339	-0.103302910987165	-0.0149691535556843	0.0877393634674266	-0.0139294020528831	-0.0238772157588278	0.143651777381594	-0.0592689915739105	0.00352705640102334	-0.0134218921570448	-0.11099884429307	0.057623489731188	-0.0516628982626876	0.0166088443847824	0.108512259895632	-0.0271409207668542	-0.129634177904187	0.00284402502344137	0.0108346402790207	-0.0659488906120074	-0.0705658277214325	-0.0164221358529409	0.0426533707117897	0.026332034649178	-0.0170201400361708	0.0337716330172161	0.0209406132668199	0.0543099014281425	0.00739360849508655	-0.0192018659508821	0.0157134526662103	0.0697536902486036	0.0507473991241289	-0.0699839446130082	0.0314927334995911	0.0586519523569866	-0.102661275591776	-0.0257970696148546	-0.129025759838583	0.104883986315065	-0.0368569013745318	0.0442463417198198	0.0942368715232529	-0.0491725917553264	-0.0691182016152129	-0.080089074452997	0.0659489767527324	0.014383162820003	-0.0516195519449492	0.0542849724468682	0.133414730864726	-0.0503727130312055	0.0733479308686222	-0.0233647276849758	-0.117745521749591	-0.124965276158278	0.0211592077663428	0.0196994146181076	0.0349073876500637	-0.0183544110102049	-0.01634593800946	0.0765190737055819	-0.0488367873910816	-0.0851119261418493	0.018445052806372	-0.0983344869812909	-0.0455645653133827	0.113876269293838	0.0772833479680438	-0.0662985618306648	-0.0259533426115836	-0.103096634287947	-0.111224886173863	-0.0629107885478128	-0.0275818438375168	-0.0572251142558949	-0.00457529077624483	0.0104553006647205	-0.0450672948132196	0.0744544140931289	-0.059935880038383	0.0597335167337208	-0.0852659966842492	0.10576435256661	0.0548928726449143	-0.0280328082313457	-0.075194690601926	0.00961600548700669	-0.0287923520233122	0.057128265649921	0.00811900116289208	0.0638227480521654	-0.0438128303801618	0.0683734049398478	-0.0563995756059939	0.0117864394225708	-0.0667893710330406	0.033140544250957	0.0968978876401865	-0.0404701129063434	0.0834214598191103	0.0191460679282422	-0.0314069692306499	-0.115991859212619	0.0656546443652357	-0.0184360976890195	0.0558927714417882	-0.00014262112253417	-0.0221221611993728	0.0418349067966641	0.000354996412133967	-0.0306431690055421	-0.0171205991757266	-0.117614301373594	0.0682028635603065	-0.038470035419032	-0.0199708015879872	0.117605323172834	-0.0188909291839989	-0.00656054821037584	0.0688207886093102	0.0414227170546171	-0.0480351390844856	1	-0.0186012188980702
0.00717097958121868	0.0494920771645585	-0.232472931569157	0.0707516694679886	-0.135862279785772	-0.0219775644771101	0.0493881734592838	0.146908126511684	0.0440610808980989	0.00095011987782664	-0.0558173458010884	-0.0200903904539397	0.0390371268876354	-0.00507907156154457	-0.00886323182584359	-0.0472557482531073	0.0364286876910896	0.0949659200437262	-0.0631378226733735	-0.0197942634736191	0.0573632249047073	0.0398948077353699	-0.0441920170986888	-0.123271293026085	0.0850187218922351	-0.010505719263554	0.0678130030194084	0.0390259450560646	-0.0479162522146139	-0.00752310143656659	-0.096482715270138	0.0495338858007971	-0.0899344796973552	0.0126657922176001	-0.0751913211767358	-0.0352949568017503	0.0718811497167813	0.00131002238350812	-0.11744117476244	-0.17830760551031	0.00077516376514608	-1.49969987377589e-06	0.0676544142477876	-0.0631559601355865	-0.0219768891543463	0.0902373875416449	0.0449455605812633	-0.0664914510909878	-0.00937987125812679	-0.0288778613202158	-0.0978883576157718	-0.0179816996627701	0.0440094129412899	0.0709487810787759	-0.0605737673589307	0.0800177794609758	0.0281057436226287	-0.00509269280048068	0.04827945979226	0.0837186133479904	-0.051062015864722	-0.024027795277477	0.0814852494058933	-0.0414497417696597	0.0154074026441822	0.0412192039977205	0.0481245566412912	-0.0203592198182279	0.0501757969893817	0.00868210275685651	0.100715513593763	-0.00577660845187078	0.0397484954730891	0.020683789884828	-0.00988458087237557	-0.0514790199920391	0.0894969168883593	-0.0391433579852305	-0.0841293647455773	-0.0427084299137057	-0.0533220098351843	0.0567326835366389	0.0474111415165397	-0.0623628840096373	0.023232209785848	-0.00200809044318433	0.0529431418154075	-0.034197749792484	0.00768012618789585	-0.0556035689863677	-0.0313972084931533	-0.05672190771694	-0.0800532685314142	-0.0147088534552992	0.035519011516959	0.0520216188346534	-0.0413046592794663	0.0138674011042908	-0.0563158457421343	0.128625328955203	0.0735180429701745	-0.0227550332747905	0.00047785954835555	0.0467609461030413	0.126822369190047	0.0488219007535087	-0.137944134295673	-0.0531954504263351	0.0133444884169815	0.158904768063785	0.0645419634012156	-0.0440098341675059	0.0812498854785793	0.0798157433465169	-0.0524474011880222	-0.0385802819690172	-0.0193439938810658	0.0962211484614128	0.000657247519641935	-0.0613795534062602	0.0129254673780901	0.0216999507018533	0.0481365127917239	-0.00445109268828868	0.0495258254961064	-0.0254417224281945	-0.0186012188980702	1
